Date,High,Low,Open,Close,Volume,Adj Close
2017-10-03,740.0,701.7000122070312,735.0,707.5499877929688,35367877.0,701.1439819335938
2017-10-04,710.75,699.0,710.1500244140625,703.6500244140625,3613280.0,697.279296875
2017-10-05,704.5499877929688,686.0999755859375,704.5499877929688,694.5499877929688,2680742.0,688.26171875
2017-10-06,702.0,689.0,693.9000244140625,696.75,1416485.0,690.4417724609375
2017-10-09,702.5,694.0999755859375,694.0999755859375,698.6500244140625,951473.0,692.3245849609375
2017-10-10,701.2000122070312,695.5499877929688,698.3499755859375,700.0,555002.0,693.6624145507812
2017-10-11,703.0,686.0,700.0,689.9000244140625,1077409.0,683.6538696289062
2017-10-12,694.0,685.0,691.0999755859375,687.7000122070312,439314.0,681.4737548828125
2017-10-13,695.0499877929688,680.0,688.9500122070312,689.7000122070312,1344510.0,683.4556274414062
2017-10-16,689.4500122070312,669.0,686.0,670.0999755859375,971834.0,664.0330810546875
2017-10-17,674.0,669.0,670.5,673.0499877929688,664335.0,666.9563598632812
2017-10-18,672.8499755859375,664.1500244140625,671.0,668.4000244140625,415712.0,662.3485107421875
2017-10-19,678.25,666.0999755859375,666.0999755859375,675.0999755859375,93358.0,668.98779296875
2017-10-23,673.7999877929688,665.0,670.0,665.7999877929688,292330.0,659.7720336914062
2017-10-24,671.4500122070312,663.0,663.7999877929688,665.8499755859375,350373.0,659.821533203125
2017-10-25,673.4500122070312,658.0999755859375,667.0,669.9000244140625,583868.0,663.8348999023438
2017-10-26,669.9000244140625,660.5,669.9000244140625,666.8499755859375,242175.0,660.8125610351562
2017-10-27,666.0499877929688,659.0,663.2000122070312,662.2000122070312,396395.0,656.20458984375
2017-10-30,665.0,649.9000244140625,665.0,655.0,1164020.0,649.06982421875
2017-10-31,669.0,655.7999877929688,655.7999877929688,662.0999755859375,1402840.0,656.1055297851562
2017-11-01,664.8499755859375,642.25,664.0,647.0499877929688,859011.0,641.1917724609375
2017-11-02,653.5999755859375,641.2000122070312,647.0499877929688,642.75,574130.0,636.9307250976562
2017-11-03,653.5,641.0999755859375,643.0499877929688,642.25,672547.0,636.4352416992188
2017-11-06,659.9000244140625,642.6500244140625,642.6500244140625,656.75,483071.0,650.8040161132812
2017-11-07,659.0,639.5499877929688,659.0,642.3499755859375,763293.0,636.5343017578125
2017-11-08,649.0,629.0,649.0,631.5999755859375,843603.0,625.8816528320312
2017-11-09,670.4000244140625,633.0,633.0,657.9500122070312,356798.0,651.9930419921875
2017-11-10,679.2000122070312,655.0999755859375,655.0999755859375,676.5499877929688,784443.0,670.4246826171875
2017-11-13,680.7999877929688,663.0,665.0,665.0,192279.0,658.979248046875
2017-11-14,667.75,654.0,655.2000122070312,660.0,350594.0,654.0245361328125
2017-11-15,660.0499877929688,644.4000244140625,650.0999755859375,649.3499755859375,269314.0,643.470947265625
2017-11-16,659.2000122070312,642.7999877929688,648.5999755859375,649.9000244140625,261879.0,644.0160522460938
2017-11-17,663.7000122070312,645.0999755859375,653.0,659.5499877929688,3200674.0,653.5785522460938
2017-11-20,665.0,656.5,657.2999877929688,661.4500122070312,712433.0,655.46142578125
2017-11-21,696.4000244140625,660.0,660.0,687.4500122070312,2077453.0,681.22607421875
2017-11-22,698.9500122070312,681.1500244140625,689.0,693.1500244140625,669175.0,686.8743896484375
2017-11-23,689.0,664.0,689.0,666.2999877929688,827451.0,660.2675170898438
2017-11-24,670.4500122070312,655.0,668.0,655.7000122070312,599114.0,649.7635498046875
2017-11-27,662.7000122070312,651.8499755859375,655.5499877929688,653.7000122070312,239417.0,647.7815551757812
2017-11-28,666.9500122070312,652.0,653.0,653.4500122070312,269211.0,647.5338745117188
2017-11-29,658.4000244140625,650.7999877929688,654.0499877929688,656.2000122070312,258606.0,650.2589721679688
2017-11-30,665.9500122070312,653.8499755859375,665.9500122070312,654.9000244140625,316178.0,648.9707641601562
2017-12-01,658.0,652.25,658.0,655.9000244140625,86648.0,649.961669921875
2017-12-04,665.7999877929688,653.0499877929688,660.0,661.75,162592.0,655.7586669921875
2017-12-05,662.1500244140625,653.5499877929688,660.0,659.0999755859375,125688.0,653.1326904296875
2017-12-06,660.0,654.0499877929688,654.0499877929688,656.0999755859375,210799.0,650.1597900390625
2017-12-07,670.0,651.0,655.0999755859375,668.4000244140625,279051.0,662.3485107421875
2017-12-08,689.9000244140625,664.0499877929688,664.0499877929688,685.7000122070312,480717.0,679.4918823242188
2017-12-11,682.75,671.0499877929688,680.0,674.75,122163.0,668.6409301757812
2017-12-12,682.0,671.0,671.0499877929688,676.0499877929688,121938.0,669.92919921875
2017-12-13,682.0,657.0,671.0499877929688,675.3499755859375,260250.0,669.235595703125
2017-12-14,683.0,673.2999877929688,675.0999755859375,679.9000244140625,444539.0,673.744384765625
2017-12-15,691.0,678.0,680.5,689.0,351667.0,682.7620239257812
2017-12-18,694.0,665.0,681.4500122070312,692.1500244140625,259324.0,685.883544921875
2017-12-19,699.9000244140625,688.0999755859375,688.0999755859375,697.2999877929688,343970.0,690.9868774414062
2017-12-20,703.75,692.1500244140625,692.1500244140625,697.1500244140625,531872.0,690.8382568359375
2017-12-21,704.4000244140625,693.2999877929688,693.2999877929688,701.7999877929688,259491.0,695.446044921875
2017-12-22,703.9000244140625,694.0,694.0,702.8499755859375,390144.0,696.486572265625
2017-12-26,707.7999877929688,697.2000122070312,702.75,701.7000122070312,272983.0,695.3469848632812
2017-12-27,702.0,695.0999755859375,700.0,700.4500122070312,163978.0,694.1083374023438
2017-12-28,703.0,690.5499877929688,697.0,698.9000244140625,269410.0,692.5723876953125
2017-12-29,705.4000244140625,693.0,695.4500122070312,695.3499755859375,667407.0,689.054443359375
2018-01-01,703.0,694.0,694.0,699.5,174646.0,693.1669311523438
2018-01-02,700.1500244140625,680.0999755859375,699.5,685.0999755859375,342012.0,678.8973388671875
2018-01-03,695.0,680.25,685.0499877929688,690.5,125483.0,684.2483520507812
2018-01-04,702.2000122070312,690.0,694.5999755859375,701.5999755859375,411800.0,695.2479248046875
2018-01-05,704.9000244140625,699.0,700.0,701.9500122070312,195946.0,695.5947265625
2018-01-08,706.9000244140625,692.0,692.0,704.1500244140625,310252.0,697.7747802734375
2018-01-09,719.9500122070312,700.1500244140625,700.1500244140625,717.25,605429.0,710.7562255859375
2018-01-10,715.0,706.0999755859375,714.8499755859375,711.5999755859375,297500.0,705.1573486328125
2018-01-11,714.7000122070312,699.0,707.0,703.7999877929688,113144.0,697.427978515625
2018-01-12,709.0,700.0,703.7999877929688,701.75,93456.0,695.3966064453125
2018-01-15,724.5999755859375,701.5,701.5,716.75,764541.0,710.2606811523438
2018-01-16,716.0,696.0,716.0,700.8499755859375,338329.0,694.5046997070312
2018-01-17,714.7999877929688,691.6500244140625,696.0,705.25,232397.0,698.8648071289062
2018-01-18,712.0,700.0999755859375,706.5999755859375,707.7999877929688,323715.0,701.3917846679688
2018-01-19,713.9500122070312,701.4500122070312,705.0499877929688,711.5,293534.0,705.0582885742188
2018-01-22,717.0,701.8499755859375,704.0999755859375,714.6500244140625,464739.0,708.1797485351562
2018-01-23,722.0,710.0,710.0,716.9000244140625,399677.0,710.4093627929688
2018-01-24,714.2999877929688,698.0,711.2000122070312,702.5999755859375,200051.0,696.2388305664062
2018-01-25,707.0,661.1500244140625,702.5,682.0499877929688,424803.0,675.8748779296875
2018-01-29,689.4500122070312,680.0,682.0,681.8499755859375,143914.0,675.6766357421875
2018-01-30,681.7000122070312,663.2999877929688,681.7000122070312,667.9000244140625,339031.0,661.8530883789062
2018-01-31,681.5,653.75,670.0,660.6500244140625,324432.0,654.668701171875
2018-02-01,722.0,660.5,665.0,708.7000122070312,1539000.0,702.2836303710938
2018-02-02,733.25,691.0999755859375,708.4000244140625,718.2999877929688,1772440.0,711.7966918945312
2018-02-05,716.4500122070312,690.0,716.4500122070312,695.0499877929688,352909.0,688.7572021484375
2018-02-06,705.0,665.0,670.0,695.25,399206.0,688.9553833007812
2018-02-07,715.0,700.0499877929688,700.0499877929688,713.7000122070312,315230.0,707.2384033203125
2018-02-08,720.0,711.0499877929688,717.0999755859375,715.0,159852.0,708.526611328125
2018-02-09,717.6500244140625,699.0,700.0,709.9000244140625,159318.0,703.4728393554688
2018-02-12,718.0,681.5,709.0,685.7999877929688,689547.0,679.5909423828125
2018-02-14,695.0,679.5,689.0,682.25,312807.0,676.0731201171875
2018-02-15,695.0,673.2000122070312,685.0,682.4000244140625,282049.0,676.2217407226562
2018-02-16,694.5499877929688,685.6500244140625,688.0,689.25,226925.0,683.0097045898438
2018-02-19,705.0,678.5999755859375,700.0,685.25,423633.0,679.0459594726562
2018-02-20,690.0,670.0,687.0,674.6500244140625,172882.0,668.5419311523438
2018-02-21,682.9500122070312,662.4500122070312,680.0,675.5,428939.0,669.38427734375
2018-02-22,675.4000244140625,664.0,675.0,666.2000122070312,235890.0,660.16845703125
2018-02-23,679.75,666.1500244140625,670.0,675.7000122070312,288608.0,669.5823974609375
2018-02-26,689.75,674.25,680.0,682.2000122070312,271771.0,676.0235595703125
2018-02-27,690.7999877929688,676.0,681.5,689.4500122070312,219932.0,683.2078857421875
2018-02-28,698.7000122070312,682.0999755859375,689.4000244140625,694.5,360647.0,688.2122192382812
2018-03-01,696.0,686.0,695.9000244140625,690.0,272512.0,683.7528686523438
2018-03-05,689.0,666.0,689.0,672.5499877929688,301455.0,666.4608764648438
2018-03-06,682.0999755859375,651.0,678.0,655.0499877929688,245988.0,649.1193237304688
2018-03-07,659.9500122070312,650.0499877929688,657.0,652.5999755859375,192215.0,646.6914672851562
2018-03-08,659.4500122070312,647.0,653.5999755859375,653.2999877929688,113706.0,647.3851928710938
2018-03-09,674.4000244140625,650.5499877929688,657.5,670.2999877929688,483527.0,664.2312622070312
2018-03-12,689.9000244140625,668.7999877929688,670.2000122070312,678.5499877929688,163349.0,672.4065551757812
2018-03-13,685.0,672.0,677.0,677.5,73256.0,671.3660888671875
2018-03-14,683.5,667.5,673.0,674.1500244140625,305570.0,668.0464477539062
2018-03-15,676.75,671.0499877929688,672.5,675.0,140732.0,668.8887329101562
2018-03-16,677.3499755859375,666.0,675.0,668.4500122070312,150189.0,662.3980102539062
2018-03-19,681.7999877929688,666.4500122070312,666.4500122070312,674.0999755859375,138766.0,667.9968872070312
2018-03-20,688.5,668.4000244140625,669.0,686.5999755859375,167488.0,680.3836669921875
2018-03-21,691.0,670.5499877929688,686.0999755859375,672.9000244140625,395902.0,666.8077392578125
2018-03-22,679.0,662.0499877929688,675.0,664.9000244140625,147381.0,658.8801879882812
2018-03-23,673.9000244140625,658.0,660.0499877929688,664.5,225060.0,658.4837646484375
2018-03-26,669.4500122070312,659.0,660.1500244140625,663.0999755859375,186540.0,657.0964965820312
2018-03-27,680.7999877929688,666.0499877929688,667.0,672.9500122070312,369173.0,666.8572998046875
2018-03-28,711.0,664.0,668.9500122070312,678.25,446572.0,672.1093139648438
2018-04-02,695.0,681.0,681.0,683.9000244140625,263227.0,677.7081909179688
2018-04-03,686.0,675.0,686.0,680.0,783770.0,675.81982421875
2018-04-04,690.9500122070312,677.0999755859375,681.0499877929688,679.9500122070312,520436.0,675.7701416015625
2018-04-05,687.6500244140625,674.1500244140625,680.5,675.0,514819.0,670.8505859375
2018-04-06,685.0,674.0,679.6500244140625,679.6500244140625,667025.0,675.4719848632812
2018-04-09,685.0,675.0,675.5499877929688,678.7000122070312,886583.0,674.52783203125
2018-04-10,699.9500122070312,678.0,678.0,695.7000122070312,955511.0,691.42333984375
2018-04-11,720.0,691.0,691.0,719.0,715637.0,714.580078125
2018-04-12,724.7000122070312,712.0,713.5499877929688,719.0499877929688,665026.0,714.6296997070312
2018-04-13,720.0,706.3499755859375,714.0,711.6500244140625,681889.0,707.2753295898438
2018-04-16,712.5,702.0,702.0,708.9000244140625,389870.0,704.5421752929688
2018-04-17,723.0,708.2000122070312,710.0,721.4000244140625,307669.0,716.9653930664062
2018-04-18,724.5,713.0499877929688,715.9000244140625,721.3499755859375,241773.0,716.9155883789062
2018-04-19,724.9500122070312,713.9000244140625,716.0499877929688,722.9000244140625,228583.0,718.4561157226562
2018-04-20,721.9500122070312,710.0999755859375,718.0,716.1500244140625,114992.0,711.7476196289062
2018-04-23,725.0,712.0999755859375,712.0999755859375,716.9500122070312,523622.0,712.542724609375
2018-04-24,755.0,714.9500122070312,717.0,746.0,1182526.0,741.4141235351562
2018-04-25,768.7999877929688,746.0499877929688,749.9000244140625,766.0999755859375,1763048.0,761.3905029296875
2018-04-26,771.0499877929688,742.6500244140625,767.0,762.7999877929688,1352072.0,758.1107788085938
2018-04-27,774.5999755859375,745.0,750.0,758.8499755859375,700854.0,754.18505859375
2018-04-30,762.8499755859375,732.0,756.0,743.0999755859375,448784.0,738.5318603515625
2018-05-02,757.6500244140625,736.5,736.5,746.5499877929688,514382.0,741.960693359375
2018-05-03,752.0499877929688,716.25,746.5499877929688,732.0,259083.0,727.5001220703125
2018-05-04,728.9500122070312,700.0999755859375,725.0,702.0999755859375,405214.0,697.783935546875
2018-05-07,714.5999755859375,696.2999877929688,704.0,703.5999755859375,291749.0,699.2747192382812
2018-05-08,708.9000244140625,692.25,708.9000244140625,702.4500122070312,256284.0,698.1318359375
2018-05-09,709.0,691.0,704.9000244140625,699.9500122070312,1771037.0,695.647216796875
2018-05-10,719.0,693.0,702.9000244140625,713.75,589720.0,709.3623046875
2018-05-11,715.9000244140625,696.0499877929688,711.0499877929688,698.2999877929688,402458.0,694.00732421875
2018-05-14,704.5499877929688,688.0,702.0,691.1500244140625,226655.0,686.9013061523438
2018-05-15,699.0,672.2000122070312,690.0,678.9000244140625,579274.0,674.7266235351562
2018-05-16,683.0,665.0499877929688,674.0,667.6500244140625,632333.0,663.5457763671875
2018-05-17,679.7000122070312,665.5,670.0999755859375,669.7000122070312,203078.0,665.5831909179688
2018-05-18,673.7000122070312,663.0499877929688,669.0,665.2000122070312,224549.0,661.1107788085938
2018-05-21,706.7000122070312,647.0,663.0,655.2000122070312,297261.0,651.1723022460938
2018-05-22,670.0,655.9000244140625,656.0,659.9500122070312,403662.0,655.8931274414062
2018-05-23,684.0,659.2999877929688,664.7999877929688,679.0499877929688,355517.0,674.8756713867188
2018-05-24,686.8499755859375,671.5999755859375,673.6500244140625,678.2999877929688,75038.0,674.1302490234375
2018-05-25,688.0,673.0499877929688,675.0,683.8499755859375,91418.0,679.6461181640625
2018-05-28,698.3499755859375,679.9000244140625,681.75,685.3499755859375,824327.0,681.1369018554688
2018-05-29,702.5,680.0,680.4000244140625,695.2999877929688,1042346.0,691.0257568359375
2018-05-30,698.7999877929688,685.0999755859375,694.5,694.2999877929688,209019.0,690.0319213867188
2018-05-31,698.25,670.5499877929688,690.3499755859375,689.7999877929688,205322.0,685.5595703125
2018-06-01,692.6500244140625,673.6500244140625,688.9000244140625,676.0,250207.0,671.8443603515625
2018-06-04,680.0,658.5,676.2000122070312,660.0499877929688,635824.0,655.992431640625
2018-06-05,672.7999877929688,660.0,660.0499877929688,665.0,189718.0,660.9119873046875
2018-06-06,686.4000244140625,662.0,669.0,683.0999755859375,174179.0,678.9006958007812
2018-06-07,697.0,681.0999755859375,689.9500122070312,692.0,339268.0,687.74609375
2018-06-08,696.9000244140625,681.5499877929688,685.5,692.3499755859375,231427.0,688.0938720703125
2018-06-11,714.0,688.2000122070312,688.5,712.5,872476.0,708.1199951171875
2018-06-12,729.9000244140625,708.2000122070312,708.2000122070312,719.9000244140625,678290.0,715.4745483398438
2018-06-13,729.9000244140625,700.0,715.7000122070312,702.25,584484.0,697.9330444335938
2018-06-14,701.9500122070312,686.0,701.9500122070312,689.9000244140625,463811.0,685.6589965820312
2018-06-15,689.0999755859375,668.0999755859375,685.3499755859375,671.7999877929688,4172714.0,667.6702270507812
2018-06-18,684.0499877929688,670.0,676.7000122070312,671.8499755859375,159457.0,667.7199096679688
2018-06-19,680.0,667.0,667.0,673.4500122070312,382091.0,669.3101196289062
2018-06-20,686.0,673.4500122070312,673.4500122070312,676.2000122070312,294569.0,672.0431518554688
2018-06-21,685.75,675.0,676.2000122070312,675.4500122070312,192773.0,671.2977905273438
2018-06-22,692.5,678.7999877929688,678.7999877929688,685.2000122070312,159149.0,680.9878540039062
2018-06-25,698.9000244140625,677.7000122070312,686.0,689.75,173207.0,685.5098876953125
2018-06-26,694.3499755859375,678.4000244140625,689.75,684.7000122070312,141038.0,680.4909057617188
2018-06-27,688.8499755859375,674.5,681.5499877929688,677.75,216975.0,673.5836181640625
2018-06-28,681.0999755859375,658.0499877929688,681.0999755859375,666.4000244140625,255422.0,662.303466796875
2018-06-29,685.0,666.0,666.0,674.3499755859375,162407.0,670.2045288085938
2018-07-02,683.8499755859375,660.8499755859375,675.2999877929688,669.4000244140625,125314.0,665.2849731445312
2018-07-03,674.4000244140625,665.6500244140625,670.5,670.25,84524.0,666.1297607421875
2018-07-04,672.0,661.4000244140625,668.0,664.0499877929688,133985.0,659.9678344726562
2018-07-05,670.5,663.0,670.0,665.0999755859375,134614.0,661.0114135742188
2018-07-06,670.0,664.25,669.7999877929688,668.0499877929688,166887.0,663.9432373046875
2018-07-09,670.0,660.75,665.0,664.8499755859375,134065.0,660.7628784179688
2018-07-10,669.7000122070312,660.0,669.7000122070312,661.3499755859375,330679.0,657.2844848632812
2018-07-11,664.0499877929688,659.9500122070312,659.9500122070312,662.0999755859375,294280.0,658.0298461914062
2018-07-12,667.3499755859375,661.4000244140625,664.25,664.7000122070312,138269.0,660.6138916015625
2018-07-13,665.0,659.0,662.0,661.0499877929688,98347.0,656.986328125
2018-07-16,661.5499877929688,655.0,661.0999755859375,656.2000122070312,55711.0,652.1661376953125
2018-07-17,666.0,654.5,655.2000122070312,664.5499877929688,56942.0,660.4647827148438
2018-07-18,668.0,640.0,667.0,649.2000122070312,273188.0,645.2091674804688
2018-07-19,656.9500122070312,631.0,650.0,633.75,190097.0,629.8541259765625
2018-07-20,638.0,628.0,632.0,633.0499877929688,295830.0,629.158447265625
2018-07-23,657.2000122070312,630.0,633.5,652.75,128365.0,648.7373046875
2018-07-24,658.1500244140625,647.4000244140625,652.5,654.6500244140625,98615.0,650.6256713867188
2018-07-25,664.7999877929688,651.0999755859375,655.7000122070312,659.75,309730.0,655.6943359375
2018-07-26,682.0,658.25,663.0,673.2000122070312,349706.0,669.0616455078125
2018-07-27,697.7000122070312,672.6500244140625,684.7999877929688,694.0499877929688,378854.0,689.783447265625
2018-07-30,703.5499877929688,684.5,694.0499877929688,689.3499755859375,111734.0,685.1123046875
2018-07-31,711.7000122070312,682.5499877929688,683.2000122070312,686.0,300404.0,681.782958984375
2018-08-01,708.25,686.9500122070312,691.0999755859375,695.3499755859375,141857.0,691.075439453125
2018-08-02,705.0,685.5499877929688,691.2000122070312,695.2000122070312,156616.0,690.9263916015625
2018-08-03,704.0,686.0,704.0,689.7999877929688,86846.0,685.5595703125
2018-08-06,697.4000244140625,680.0999755859375,691.0,686.5999755859375,137689.0,682.3792114257812
2018-08-07,695.7999877929688,683.0,695.7999877929688,686.0999755859375,186264.0,681.8822631835938
2018-08-08,689.0499877929688,673.75,686.0999755859375,677.2000122070312,86449.0,673.0370483398438
2018-08-09,684.4000244140625,669.0,684.4000244140625,673.4000244140625,136388.0,669.2604370117188
2018-08-10,675.9500122070312,644.0,675.0,649.9000244140625,357324.0,645.9049072265625
2018-08-13,661.5499877929688,651.0,653.0,653.7000122070312,227848.0,649.6814575195312
2018-08-14,662.0,653.75,655.0,658.8499755859375,40999.0,654.7998657226562
2018-08-16,663.3499755859375,646.1500244140625,661.0,648.5499877929688,310896.0,644.5631103515625
2018-08-17,658.7000122070312,652.0499877929688,653.75,654.9500122070312,151040.0,650.9237670898438
2018-08-20,674.0,660.0499877929688,661.0,672.5499877929688,171665.0,668.4155883789062
2018-08-21,684.0,663.5999755859375,672.5999755859375,670.0999755859375,118889.0,665.9806518554688
2018-08-23,675.0999755859375,667.0499877929688,675.0999755859375,670.0499877929688,77770.0,665.9309692382812
2018-08-24,673.5999755859375,660.0999755859375,666.5999755859375,660.8499755859375,136148.0,656.7875366210938
2018-08-27,670.0,657.0,665.0,660.4000244140625,105281.0,656.34033203125
2018-08-28,663.4000244140625,654.0,660.0,658.25,164292.0,654.2034912109375
2018-08-29,673.5,658.25,660.0,669.2999877929688,215118.0,665.1856079101562
2018-08-30,674.7999877929688,650.5499877929688,672.8499755859375,664.2000122070312,325212.0,660.1170043945312
2018-08-31,678.0,659.2000122070312,664.1500244140625,672.4000244140625,121399.0,668.2665405273438
2018-09-03,675.0,665.0,668.5999755859375,666.9500122070312,88542.0,662.8500366210938
2018-09-04,675.0,663.0499877929688,671.4000244140625,664.8499755859375,82766.0,660.7628784179688
2018-09-05,672.4500122070312,660.0499877929688,660.0499877929688,669.4000244140625,169872.0,665.2849731445312
2018-09-06,681.9000244140625,666.4500122070312,669.4000244140625,679.0499877929688,139910.0,674.8756713867188
2018-09-07,685.0,671.0999755859375,680.5,676.0999755859375,1353205.0,671.9437866210938
2018-09-10,686.8499755859375,671.2000122070312,671.2000122070312,676.0,125634.0,671.8443603515625
2018-09-11,682.0,671.4000244140625,674.0499877929688,676.5999755859375,391766.0,672.4407348632812
2018-09-12,675.8499755859375,663.0,673.4000244140625,673.2999877929688,232965.0,669.1610107421875
2018-09-14,678.0,666.2999877929688,671.25,670.0499877929688,717060.0,665.9309692382812
2018-09-17,668.5999755859375,633.0,664.6500244140625,642.6500244140625,1979234.0,638.699462890625
2018-09-18,642.0,619.9000244140625,642.0,623.0,350633.0,619.1702270507812
2018-09-19,635.0,610.0,623.3499755859375,612.4500122070312,208275.0,608.6851196289062
2018-09-21,629.7000122070312,589.5,616.0,613.3499755859375,1139496.0,609.5795288085938
2018-09-24,610.0,582.0,610.0,586.9000244140625,287803.0,583.2921142578125
2018-09-25,582.0,555.0,575.0,566.0499877929688,367015.0,562.5703125
2018-09-26,590.0,571.3499755859375,574.9500122070312,577.25,141456.0,573.7014770507812
2018-09-27,581.5499877929688,546.0,581.5499877929688,551.7999877929688,615329.0,548.4078979492188
2018-09-28,560.0,508.0,560.0,511.6000061035156,527415.0,508.45501708984375
2018-10-01,533.0,485.0,512.0,521.3499755859375,568704.0,518.1450805664062
2018-10-03,554.5,521.3499755859375,525.0,542.0499877929688,1232831.0,538.7178344726562
2018-10-04,584.0,535.0,542.2999877929688,565.4000244140625,1801469.0,561.92431640625
2018-10-05,580.7000122070312,540.0499877929688,567.5999755859375,558.2999877929688,874787.0,554.867919921875
2018-10-08,566.5,533.0999755859375,565.0,549.4500122070312,237685.0,546.0723876953125
2018-10-09,564.4000244140625,540.0499877929688,553.8499755859375,540.2999877929688,205413.0,536.9785766601562
2018-10-10,595.0,535.9500122070312,540.0,561.0499877929688,152186.0,557.6010131835938
2018-10-11,560.0,532.0,560.0,540.8499755859375,223216.0,537.525146484375
2018-10-12,554.7999877929688,540.5,550.0,552.5,213930.0,549.1035766601562
2018-10-15,556.0,535.0,556.0,538.7000122070312,266017.0,535.388427734375
2018-10-16,549.5499877929688,538.7000122070312,542.2000122070312,546.5999755859375,505786.0,543.2398681640625
2018-10-17,567.0,549.0,551.0,559.9500122070312,379784.0,556.5078125
2018-10-19,581.8499755859375,555.25,558.0,564.1500244140625,1287121.0,560.6820068359375
2018-10-22,578.0,553.0499877929688,574.0,557.8499755859375,1008814.0,554.420654296875
2018-10-23,586.0499877929688,545.0999755859375,547.2000122070312,579.4500122070312,719595.0,575.887939453125
2018-10-24,599.7999877929688,558.25,586.0,563.75,226896.0,560.2844848632812
2018-10-25,569.0,556.8499755859375,563.5499877929688,563.4000244140625,112717.0,559.9366455078125
2018-10-26,578.0,552.0,563.0499877929688,570.4000244140625,587007.0,566.8935546875
2018-10-29,585.0,566.0499877929688,568.0499877929688,578.9000244140625,398793.0,575.34130859375
2018-10-30,580.0,556.1500244140625,580.0,558.9000244140625,158937.0,555.4642944335938
2018-10-31,567.0,547.0499877929688,558.5,560.4000244140625,96124.0,556.955078125
2018-11-01,569.0,557.5,558.0,563.7999877929688,109226.0,560.3341064453125
2018-11-02,571.9500122070312,560.25,561.2000122070312,563.2999877929688,151367.0,559.8372192382812
2018-11-05,580.0,558.0,558.0,577.9000244140625,140781.0,574.3475341796875
2018-11-06,590.9000244140625,573.5999755859375,573.5999755859375,579.6500244140625,259120.0,576.0867309570312
2018-11-07,589.0,575.75,589.0,577.75,34093.0,574.1984252929688
2018-11-09,588.7999877929688,571.0999755859375,580.0,574.8499755859375,531454.0,571.316162109375
2018-11-12,582.75,570.4500122070312,572.0,575.0499877929688,359942.0,571.5149536132812
2018-11-13,575.6500244140625,560.8499755859375,571.2999877929688,572.1500244140625,110885.0,568.6328125
2018-11-14,585.0,572.0499877929688,576.0,583.0,431328.0,579.4160766601562
2018-11-15,584.0,576.5499877929688,584.0,579.0499877929688,156975.0,575.4903564453125
2018-11-16,581.9000244140625,567.0,581.9000244140625,577.2999877929688,64388.0,573.7510986328125
2018-11-19,583.9000244140625,566.0999755859375,583.9000244140625,568.75,438124.0,565.2537231445312
2018-11-20,572.0,562.0,572.0,565.5499877929688,282576.0,562.0733642578125
2018-11-21,570.25,558.0999755859375,566.0499877929688,560.2000122070312,215124.0,556.7562866210938
2018-11-22,579.5,560.0,560.0,572.7000122070312,588100.0,569.179443359375
2018-11-26,574.9500122070312,560.0999755859375,566.3499755859375,568.2000122070312,53829.0,564.7070922851562
2018-11-27,574.0,563.25,567.0,570.5,52652.0,566.9929809570312
2018-11-28,584.0,566.0,568.0,568.9500122070312,120739.0,565.4525146484375
2018-11-29,574.5,565.0,572.5,571.6500244140625,150064.0,568.1358642578125
2018-11-30,577.7000122070312,569.0999755859375,571.6500244140625,571.4000244140625,40722.0,567.887451171875
2018-12-03,572.0,562.0,565.2000122070312,569.3499755859375,63727.0,565.8499755859375
2018-12-04,578.0,565.1500244140625,569.0,569.8499755859375,288155.0,566.346923828125
2018-12-05,575.0,565.0,565.0,572.7999877929688,85850.0,569.27880859375
2018-12-06,578.0,563.0,573.0,567.7999877929688,76272.0,564.3095092773438
2018-12-07,571.9000244140625,559.3499755859375,568.0,562.5499877929688,103784.0,559.091796875
2018-12-10,570.0,555.0,558.0,562.4500122070312,114905.0,558.992431640625
2018-12-11,565.9500122070312,556.1500244140625,556.1500244140625,562.6500244140625,104981.0,559.1912231445312
2018-12-12,572.0,562.7999877929688,567.75,570.25,72595.0,566.7444458007812
2018-12-13,575.0,562.25,574.9500122070312,571.0,151320.0,567.4899291992188
2018-12-14,574.7999877929688,550.5,571.0,567.0,98357.0,563.5144653320312
2018-12-17,594.0,567.0,567.0,589.7999877929688,230206.0,586.17431640625
2018-12-18,607.1500244140625,576.3499755859375,598.0,587.5999755859375,413782.0,583.98779296875
2018-12-19,590.9500122070312,577.6500244140625,590.9500122070312,583.0499877929688,155299.0,579.4658203125
2018-12-20,596.0,575.6500244140625,580.5999755859375,592.4500122070312,134271.0,588.8080444335938
2018-12-21,605.5499877929688,577.2999877929688,593.1500244140625,597.5,2025095.0,593.8269653320312
2018-12-24,589.5999755859375,576.5499877929688,584.9000244140625,579.4500122070312,144403.0,575.887939453125
2018-12-26,584.0,570.1500244140625,576.0,574.8499755859375,81515.0,571.316162109375
2018-12-27,605.0,540.3499755859375,544.0,590.5999755859375,926443.0,586.9693603515625
2018-12-28,605.0,587.25,600.0,598.7999877929688,519520.0,595.1190185546875
2018-12-31,605.7999877929688,595.0,595.0,597.8499755859375,169943.0,594.1748046875
2019-01-01,601.7999877929688,592.2000122070312,595.25,598.8499755859375,40902.0,595.1686401367188
2019-01-02,604.0,593.4000244140625,593.4000244140625,601.7000122070312,115282.0,598.0011596679688
2019-01-03,603.0,590.0,598.4000244140625,600.0499877929688,415471.0,596.361328125
2019-01-04,615.0,600.0,603.0,602.8499755859375,119061.0,599.14404296875
2019-01-07,608.8499755859375,597.7000122070312,602.8499755859375,602.4500122070312,316222.0,598.7465209960938
2019-01-08,626.9000244140625,600.0,600.0,612.5,214725.0,608.7347412109375
2019-01-09,649.75,615.0,615.0,642.9500122070312,304725.0,638.9976196289062
2019-01-10,648.4000244140625,631.0,642.0999755859375,634.75,165683.0,630.8479614257812
2019-01-11,643.0,630.0,635.0,638.5,171998.0,634.574951171875
2019-01-14,636.6500244140625,618.25,633.0,620.0999755859375,366016.0,616.2880249023438
2019-01-15,631.1500244140625,620.0,624.0,623.9000244140625,68669.0,620.064697265625
2019-01-16,630.2999877929688,618.0,622.5,621.4000244140625,440003.0,617.580078125
2019-01-17,633.5499877929688,618.0,621.5,623.3499755859375,377003.0,619.5180053710938
2019-01-18,629.5,615.0,627.0,620.2000122070312,107504.0,616.3873901367188
2019-01-21,644.7000122070312,612.5,625.0,617.6500244140625,427431.0,613.8531494140625
2019-01-22,629.7999877929688,611.7000122070312,620.0,619.9000244140625,95583.0,616.0892944335938
2019-01-23,628.9000244140625,612.2000122070312,623.0,620.0,159259.0,616.1886596679688
2019-01-24,629.4000244140625,615.0999755859375,620.0,618.25,129335.0,614.4494018554688
2019-01-25,633.0,615.6500244140625,627.4500122070312,619.5999755859375,222746.0,615.7910766601562
2019-01-28,624.4500122070312,595.25,621.0,599.25,285382.0,595.5662231445312
2019-01-29,617.9500122070312,595.7000122070312,600.0999755859375,606.0999755859375,302014.0,602.3740844726562
2019-01-30,616.4000244140625,596.0,607.0,599.9500122070312,260752.0,596.2619018554688
2019-01-31,607.75,593.7000122070312,600.5,595.0,780410.0,591.3423461914062
2019-02-01,604.0,588.0999755859375,600.0,590.9500122070312,546770.0,587.3172607421875
2019-02-04,599.0,571.0999755859375,594.0,589.75,146249.0,586.1245727539062
2019-02-05,594.0,582.0,589.75,584.0,53619.0,580.4099731445312
2019-02-06,590.0,575.0,585.0,579.4000244140625,690808.0,575.8382568359375
2019-02-07,584.4000244140625,575.0499877929688,580.0,577.25,570245.0,573.7014770507812
2019-02-08,583.9500122070312,575.0,577.25,577.5499877929688,130409.0,573.9996337890625
2019-02-11,579.0999755859375,561.0499877929688,576.0,566.8499755859375,339881.0,563.3653564453125
2019-02-12,585.6500244140625,562.0999755859375,569.8499755859375,574.7000122070312,288095.0,571.1671142578125
2019-02-14,574.5,564.9000244140625,569.9000244140625,568.5499877929688,24238.0,565.054931640625
2019-02-15,575.7999877929688,562.0,568.5499877929688,568.8499755859375,72417.0,565.35302734375
2019-02-18,572.0999755859375,563.2999877929688,569.5,567.4500122070312,33962.0,563.9617309570312
2019-02-19,573.6500244140625,560.9000244140625,573.6500244140625,562.4500122070312,91484.0,558.992431640625
2019-02-20,571.0999755859375,556.0,564.5999755859375,561.5999755859375,1156061.0,558.1475830078125
2019-02-21,565.7000122070312,560.0,562.0,561.9000244140625,97421.0,558.44580078125
2019-02-22,570.0,556.75,565.25,559.8499755859375,207746.0,556.408447265625
2019-02-25,564.8499755859375,555.3499755859375,563.0,561.0,256241.0,557.5513305664062
2019-02-26,564.0,555.0,561.0,559.4000244140625,205333.0,555.961181640625
2019-02-27,565.9500122070312,561.0999755859375,563.0,563.2999877929688,91914.0,559.8372192382812
2019-02-28,582.0,565.0,565.0,578.5499877929688,232357.0,574.9934692382812
2019-03-01,622.0999755859375,515.5499877929688,581.9500122070312,607.9000244140625,11513018.0,604.1630859375
2019-03-05,617.0,596.0999755859375,599.0,607.75,967319.0,604.0139770507812
2019-03-06,621.7999877929688,602.0,608.0,607.9500122070312,594253.0,604.2127075195312
2019-03-07,612.4000244140625,590.0,610.0,592.0999755859375,326651.0,588.4601440429688
2019-03-08,596.4000244140625,585.4000244140625,587.0,587.1500244140625,195823.0,583.5406494140625
2019-03-11,626.4000244140625,587.4000244140625,589.75,622.4500122070312,693313.0,618.6235961914062
2019-03-12,634.9000244140625,612.0,623.0,622.9000244140625,398863.0,619.0708618164062
2019-03-13,621.5,610.2000122070312,618.0,615.3499755859375,253418.0,611.5671997070312
2019-03-14,620.9500122070312,611.0,619.0,614.9000244140625,233675.0,611.1199951171875
2019-03-15,619.75,611.0,613.0999755859375,615.0499877929688,505837.0,611.26904296875
2019-03-18,620.9000244140625,606.0499877929688,616.0499877929688,610.7999877929688,91435.0,607.045166015625
2019-03-19,622.75,602.0,613.0,611.9000244140625,1038136.0,608.138427734375
2019-03-20,620.0,607.5999755859375,613.8499755859375,612.8499755859375,816543.0,609.0825805664062
2019-03-22,619.0,605.0,610.0,615.5,741217.0,611.71630859375
2019-03-25,616.9500122070312,602.0499877929688,602.0499877929688,611.0499877929688,93192.0,607.293701171875
2019-03-26,617.9000244140625,606.7999877929688,612.0,609.5999755859375,167512.0,605.8525390625
2019-03-27,620.7999877929688,607.4500122070312,607.4500122070312,618.7000122070312,302382.0,614.8966674804688
2019-03-28,624.7999877929688,613.5999755859375,620.0,616.2000122070312,89907.0,612.4120483398438
2019-04-01,599.9000244140625,583.4000244140625,584.9000244140625,598.2000122070312,953998.0,594.5226440429688
2019-04-02,603.9000244140625,591.0499877929688,600.0,601.1500244140625,687704.0,597.45458984375
2019-04-03,615.0,595.0,600.0,601.9500122070312,999883.0,600.2466430664062
2019-04-04,603.9000244140625,590.0,603.9000244140625,594.7000122070312,1064749.0,593.0171508789062
2019-04-05,613.9000244140625,596.0999755859375,598.0,612.0999755859375,855081.0,610.3678588867188
2019-04-08,628.0,610.5499877929688,611.0,619.7999877929688,1180323.0,618.0460815429688
2019-04-09,629.5,615.0,629.5,618.2000122070312,391977.0,616.4506225585938
2019-04-10,626.5,617.0,621.0,621.3499755859375,471405.0,619.5916748046875
2019-04-11,629.7000122070312,621.5499877929688,624.9000244140625,624.9500122070312,1717441.0,623.1815185546875
2019-04-12,627.3499755859375,620.2999877929688,627.2999877929688,625.2000122070312,201752.0,623.4308471679688
2019-04-15,627.5,618.1500244140625,626.9000244140625,623.3499755859375,137884.0,621.5859985351562
2019-04-16,626.0,615.0999755859375,626.0,617.7000122070312,382679.0,615.9520263671875
2019-04-18,621.4000244140625,611.75,621.0,614.9000244140625,322285.0,613.1599731445312
2019-04-22,624.7000122070312,605.25,617.8499755859375,616.2999877929688,427291.0,614.5559692382812
2019-04-23,618.9000244140625,598.0,618.0,600.2000122070312,1108991.0,598.5015869140625
2019-04-24,615.0,600.25,602.0,610.2999877929688,222954.0,608.5729370117188
2019-04-25,619.7000122070312,608.0499877929688,609.5999755859375,614.3499755859375,225934.0,612.6115112304688
2019-04-26,644.7999877929688,625.0,625.0,637.25,2193690.0,635.4467163085938
2019-04-30,644.75,635.0999755859375,635.0999755859375,639.8499755859375,798810.0,638.039306640625
2019-05-02,658.0,639.9500122070312,639.9500122070312,650.5,1022283.0,648.6592407226562
2019-05-03,666.0,648.9500122070312,650.0,664.1500244140625,809596.0,662.2706298828125
2019-05-06,667.7999877929688,652.2000122070312,660.0,660.0,510425.0,658.13232421875
2019-05-07,665.25,658.0,658.0,662.0999755859375,400330.0,660.2263793945312
2019-05-08,661.4000244140625,649.9500122070312,655.0499877929688,650.5499877929688,290783.0,648.7090454101562
2019-05-09,656.5,641.0,651.0499877929688,652.25,347971.0,650.404296875
2019-05-10,668.0,639.2000122070312,650.0999755859375,642.0499877929688,758566.0,640.2330932617188
2019-05-13,645.8499755859375,608.5,639.7999877929688,620.0,324189.0,618.2455444335938
2019-05-14,638.9500122070312,594.6500244140625,618.5,615.5999755859375,1232277.0,613.8579711914062
2019-05-15,649.5999755859375,616.75,624.0,628.8499755859375,552190.0,627.0704345703125
2019-05-16,648.7000122070312,626.0,632.75,630.9500122070312,363954.0,629.16455078125
2019-05-17,645.9500122070312,623.3499755859375,634.8499755859375,629.75,387017.0,627.9679565429688
2019-05-20,657.7000122070312,636.0,643.8499755859375,645.7000122070312,523465.0,643.872802734375
2019-05-21,664.0,646.0499877929688,650.0,659.7000122070312,396784.0,657.8331909179688
2019-05-22,667.5499877929688,652.8499755859375,659.7000122070312,659.6500244140625,361789.0,657.7833251953125
2019-05-23,683.9000244140625,665.0,665.0,671.4000244140625,528882.0,669.5001220703125
2019-05-24,690.0,665.1500244140625,675.9500122070312,686.0,541134.0,684.0587768554688
2019-05-27,704.0,681.5,682.0,698.9000244140625,1669747.0,696.9223022460938
2019-05-28,703.9000244140625,685.0999755859375,700.0,698.75,373366.0,696.772705078125
2019-05-29,703.0,678.0499877929688,688.1500244140625,680.0,1286226.0,678.0757446289062
2019-05-30,686.5999755859375,674.0,680.0,679.9000244140625,550276.0,677.97607421875
2019-05-31,696.0,676.3499755859375,684.9000244140625,694.25,650980.0,692.285400390625
2019-06-03,701.0,686.5,687.0,695.5999755859375,167500.0,693.631591796875
2019-06-04,700.0,687.5,690.25,698.4000244140625,410079.0,696.4237060546875
2019-06-06,700.3499755859375,689.5,697.0,696.3499755859375,1320152.0,694.3794555664062
2019-06-07,702.0,694.0499877929688,698.9000244140625,698.4500122070312,680274.0,696.4735717773438
2019-06-10,700.0,695.1500244140625,697.0,699.0999755859375,449355.0,697.1216430664062
2019-06-11,705.0,694.0499877929688,695.5,701.0,402010.0,699.0162963867188
2019-06-12,702.0,695.25,699.9000244140625,699.9500122070312,387860.0,697.9692993164062
2019-06-13,709.0,694.0,700.0,699.3499755859375,437375.0,697.3709716796875
2019-06-14,701.0,696.0,699.9500122070312,699.5499877929688,375865.0,697.5704345703125
2019-06-17,707.0,698.2999877929688,701.4000244140625,700.0,486849.0,698.0191650390625
2019-06-18,708.0,699.1500244140625,700.9500122070312,704.0499877929688,1561472.0,702.0576782226562
2019-06-19,709.0,686.25,706.0,696.2999877929688,358961.0,694.32958984375
2019-06-20,705.0,690.0499877929688,696.4000244140625,698.4500122070312,1024232.0,696.4735717773438
2019-06-21,711.0,694.9000244140625,705.0,699.9500122070312,3605899.0,697.9692993164062
2019-06-24,713.4000244140625,698.9500122070312,705.1500244140625,710.5999755859375,376039.0,708.589111328125
2019-06-25,684.9500122070312,669.5,675.0,674.3499755859375,3513192.0,672.4417114257812
2019-06-26,744.0,692.75,695.5,717.4500122070312,6255032.0,715.4197998046875
2019-06-27,738.0,706.0,706.0,726.9500122070312,4196283.0,724.8928833007812
2019-06-28,734.8499755859375,717.0,725.0,723.7000122070312,1184510.0,721.652099609375
2019-07-01,739.0,716.0499877929688,724.7999877929688,735.9000244140625,610864.0,733.8175659179688
2019-07-02,752.7000122070312,740.0,740.0,749.7999877929688,1257045.0,747.67822265625
2019-07-03,760.9000244140625,741.2000122070312,750.0,756.9000244140625,554389.0,754.7581787109375
2019-07-04,762.25,752.5499877929688,760.0,757.4000244140625,271994.0,755.2567138671875
2019-07-05,776.5,745.5999755859375,759.5999755859375,753.5499877929688,1195407.0,751.4176025390625
2019-07-08,768.2999877929688,739.5999755859375,748.7999877929688,759.2000122070312,787426.0,757.0516357421875
2019-07-09,763.0,747.5999755859375,755.0,759.0,594218.0,756.8521728515625
2019-07-10,758.2999877929688,740.0,751.7999877929688,741.9500122070312,459594.0,739.8504638671875
2019-07-11,762.0,744.0,744.0,754.0999755859375,292405.0,751.9660034179688
2019-07-12,789.2999877929688,753.3499755859375,756.0,780.7000122070312,1817841.0,778.4907836914062
2019-07-15,794.9000244140625,766.0,780.5,783.5499877929688,585738.0,781.3327026367188
2019-07-16,788.4000244140625,770.2000122070312,783.0,775.8499755859375,440957.0,773.6544799804688
2019-07-17,793.0999755859375,757.0,773.0,765.25,880172.0,763.08447265625
2019-07-18,775.0,737.0,766.0,740.8499755859375,424234.0,738.7535400390625
2019-07-19,751.0,731.8499755859375,745.3499755859375,744.8499755859375,577254.0,742.7421875
2019-07-22,764.0,735.5,749.2000122070312,762.1500244140625,409528.0,759.9932861328125
2019-07-23,780.0,764.0,764.0,775.9500122070312,708849.0,773.7542114257812
2019-07-24,808.5,755.2000122070312,782.5,772.5,8522595.0,770.31396484375
2019-07-25,800.0,769.0499877929688,769.9000244140625,797.4000244140625,892300.0,795.1435546875
2019-07-26,807.0,783.0,799.0999755859375,795.0999755859375,848649.0,792.8500366210938
2019-07-29,805.4500122070312,782.2999877929688,793.0,797.3499755859375,655785.0,795.0936279296875
2019-07-30,805.0,781.9000244140625,798.0,797.4000244140625,629929.0,795.1435546875
2019-07-31,800.0,775.0,783.0,797.5499877929688,490133.0,795.2930908203125
2019-08-01,803.5999755859375,752.5499877929688,790.3499755859375,777.0,789834.0,774.80126953125
2019-08-02,803.0,757.2999877929688,757.2999877929688,791.6500244140625,941917.0,789.4098510742188
2019-08-05,795.0,774.1500244140625,790.0,790.4000244140625,538695.0,788.163330078125
2019-08-06,800.0499877929688,780.0999755859375,788.0999755859375,787.2000122070312,700080.0,784.972412109375
2019-08-07,801.5999755859375,782.25,790.25,786.5499877929688,487084.0,784.32421875
2019-08-08,827.0,783.2999877929688,795.0,812.9000244140625,1081958.0,810.5996704101562
2019-08-09,814.7999877929688,795.0999755859375,810.5499877929688,801.7000122070312,714830.0,799.431396484375
2019-08-13,801.7000122070312,761.7000122070312,797.25,771.25,432634.0,769.0675048828125
2019-08-14,816.7999877929688,776.0,780.0,812.1500244140625,1042108.0,809.851806640625
2019-08-16,838.9000244140625,801.0999755859375,801.0999755859375,835.3499755859375,1340618.0,832.986083984375
2019-08-19,858.7999877929688,833.0499877929688,837.2000122070312,849.9000244140625,999684.0,847.4949951171875
2019-08-20,862.4500122070312,831.5499877929688,850.0,853.8499755859375,1032233.0,851.4337768554688
2019-08-21,857.0,824.2000122070312,852.5,829.4500122070312,469687.0,827.1028442382812
2019-08-22,837.6500244140625,805.5499877929688,826.2000122070312,815.2000122070312,451114.0,812.8931884765625
2019-08-23,830.0499877929688,812.25,814.9500122070312,821.25,545349.0,818.926025390625
2019-08-26,839.4500122070312,818.1500244140625,838.0,827.0999755859375,606859.0,824.7594604492188
2019-08-27,847.0,827.0,827.0,834.25,851189.0,831.8892211914062
2019-08-28,841.7999877929688,821.5499877929688,840.0,828.4500122070312,538964.0,826.1056518554688
2019-08-29,839.7999877929688,822.2999877929688,827.7999877929688,835.0999755859375,338992.0,832.73681640625
2019-08-30,847.0,810.0,840.0,838.7000122070312,6692265.0,836.32666015625
2019-09-03,848.6500244140625,796.3499755859375,832.7999877929688,811.2000122070312,592127.0,808.9044799804688
2019-09-04,830.0,812.0,816.0,826.4000244140625,423307.0,824.0614624023438
2019-09-05,835.0,820.7000122070312,831.5499877929688,831.25,332593.0,828.8977661132812
2019-09-06,837.0,821.2999877929688,834.5,835.5499877929688,308380.0,833.185546875
2019-09-09,835.0,801.0999755859375,833.0,806.7999877929688,640219.0,804.5169067382812
2019-09-11,813.8499755859375,795.0,812.0,799.6500244140625,579309.0,797.38720703125
2019-09-12,798.9500122070312,784.2000122070312,788.9500122070312,792.8499755859375,3737190.0,790.6063842773438
2019-09-13,807.75,792.25,797.1500244140625,798.2999877929688,3681750.0,796.0409545898438
2019-09-16,798.75,785.0,785.9000244140625,796.4500122070312,2172276.0,794.1962280273438
2019-09-17,802.0,793.9500122070312,795.7999877929688,798.2000122070312,1013597.0,795.9412841796875
2019-09-18,807.0,798.0999755859375,802.0999755859375,802.9500122070312,715018.0,800.6778564453125
2019-09-19,805.0,799.0,804.0,801.8499755859375,456281.0,799.5809326171875
2019-09-20,825.5,800.3499755859375,804.0,816.1500244140625,1918256.0,813.8405151367188
2019-09-23,822.0,789.0,822.0,791.7000122070312,1590491.0,789.4596557617188
2019-09-24,803.6500244140625,787.0,792.0,795.1500244140625,976843.0,792.89990234375
2019-09-25,799.9000244140625,777.0999755859375,793.2999877929688,796.5499877929688,1031592.0,794.2958984375
2019-09-26,823.7000122070312,798.25,798.25,816.4000244140625,1672809.0,814.0897827148438
2019-09-27,847.6500244140625,819.3499755859375,819.3499755859375,842.5,1994366.0,840.1159057617188
2019-09-30,851.5999755859375,836.25,842.7999877929688,846.4000244140625,961777.0,844.0048828125
2019-10-01,849.0,804.0,846.0,827.6500244140625,759109.0,825.3079223632812
2019-10-03,836.1500244140625,820.0499877929688,827.9000244140625,830.6500244140625,455628.0,828.2994384765625
2019-10-04,844.7999877929688,822.0499877929688,831.0,824.25,569471.0,821.9175415039062
2019-10-07,836.0,821.0499877929688,824.0,827.9000244140625,341633.0,825.5572509765625
2019-10-09,843.9000244140625,826.0,826.0,837.25,506576.0,834.8807373046875
2019-10-10,848.0,805.7000122070312,835.2000122070312,827.2000122070312,5286384.0,824.8591918945312
2019-10-11,842.7999877929688,831.0,832.0,839.5999755859375,384745.0,837.2240600585938
2019-10-14,847.5999755859375,822.0,846.0999755859375,828.7000122070312,366115.0,826.35498046875
2019-10-15,844.0,829.0,829.0,838.0499877929688,394890.0,835.678466796875
2019-10-16,892.5,832.0,836.5,877.3499755859375,3634345.0,874.8672485351562
2019-10-17,928.5,880.0,880.0,902.9000244140625,3687636.0,900.3450317382812
2019-10-18,930.0,899.0,905.7999877929688,925.9500122070312,1819540.0,923.3297729492188
2019-10-22,997.5,929.2000122070312,929.2000122070312,989.1500244140625,2040975.0,986.3509521484375
2019-10-23,1012.2999877929688,970.1500244140625,994.0,985.9500122070312,1357514.0,983.1599731445312
2019-10-24,993.9500122070312,954.6500244140625,991.4000244140625,969.6500244140625,982596.0,966.9061279296875
2019-10-25,1000.0,965.25,974.0,982.1500244140625,975234.0,979.3707275390625
2019-10-29,1020.0,981.0,998.5,1014.3499755859375,880342.0,1011.4795532226562
2019-10-30,1030.0,976.0999755859375,1016.0,999.7999877929688,7610404.0,996.9707641601562
2019-10-31,1013.2999877929688,987.0,1006.0,991.5,849468.0,988.6942749023438
2019-11-01,1009.0,993.2999877929688,993.2999877929688,997.5,655253.0,994.6773071289062
2019-11-04,1003.0999755859375,989.7000122070312,1003.0,998.7000122070312,875743.0,995.8739013671875
2019-11-05,1003.0,966.0999755859375,1000.0,969.7999877929688,1230007.0,967.0556640625
2019-11-06,980.0,941.5499877929688,974.4500122070312,968.9500122070312,1420970.0,966.2080688476562
2019-11-07,991.0,968.2000122070312,973.4000244140625,986.4500122070312,1351432.0,983.6585693359375
2019-11-08,1022.0,976.5,1006.0,982.2000122070312,5656687.0,979.4205932617188
2019-11-11,982.0,968.4500122070312,982.0,969.9500122070312,2078020.0,967.2052612304688
2019-11-13,1000.9500122070312,966.2000122070312,984.5,988.1500244140625,4039409.0,985.353759765625
2019-11-14,1013.0,984.9000244140625,999.0,999.9000244140625,3441700.0,997.0704956054688
2019-11-15,1026.0,995.4500122070312,1008.2000122070312,1002.8499755859375,2687762.0,1000.0121459960938
2019-11-18,1013.0,996.0,1004.9000244140625,1000.0499877929688,2144563.0,997.2200317382812
2019-11-19,970.0,930.0,954.9500122070312,936.5499877929688,60449782.0,933.8997192382812
2019-11-20,948.7000122070312,936.0999755859375,940.0,939.7000122070312,2976893.0,937.0408325195312
2019-11-21,945.4500122070312,916.0,942.4500122070312,929.5999755859375,2642185.0,926.9694213867188
2019-11-22,945.75,931.0,931.0,942.6500244140625,3125980.0,939.9825439453125
2019-11-25,954.4000244140625,943.5,943.5,951.5999755859375,3604001.0,948.9071655273438
2019-11-26,977.9500122070312,937.8499755859375,957.4000244140625,958.9500122070312,43473998.0,956.2363891601562
2019-11-27,965.2000122070312,943.2000122070312,964.0,948.2000122070312,1542111.0,945.5167846679688
2019-11-28,972.7000122070312,948.2000122070312,953.8499755859375,971.1500244140625,1885171.0,968.40185546875
2019-11-29,970.0,955.0499877929688,970.0,960.0499877929688,1071258.0,957.333251953125
2019-12-02,959.1500244140625,938.2999877929688,959.1500244140625,943.8499755859375,643539.0,941.1790771484375
2019-12-03,966.0,946.0999755859375,946.0999755859375,963.4000244140625,1612054.0,960.673828125
2019-12-04,975.0,960.0499877929688,962.7999877929688,972.25,1122303.0,969.4987182617188
2019-12-05,974.5,955.0,969.0,966.4000244140625,814043.0,963.6653442382812
2019-12-06,974.0,945.2000122070312,971.0,964.2000122070312,1235405.0,961.4715576171875
2019-12-09,964.7999877929688,938.4000244140625,964.7999877929688,942.0,861577.0,939.3343505859375
2019-12-10,968.0,947.0,950.0,949.8499755859375,1610114.0,947.162109375
2019-12-11,971.9500122070312,924.5,950.0,966.5499877929688,1616587.0,963.8148803710938
2019-12-12,971.0,955.6500244140625,971.0,960.4000244140625,862822.0,957.6823120117188
2019-12-13,982.7000122070312,963.25,964.9000244140625,974.9000244140625,1119572.0,972.1412353515625
2019-12-16,979.7999877929688,963.9000244140625,973.7999877929688,969.5499877929688,526157.0,966.8063354492188
2019-12-17,978.4500122070312,968.0,975.0,972.5499877929688,822269.0,969.7978515625
2019-12-18,976.5999755859375,959.0,975.0,964.75,628845.0,962.0199584960938
2019-12-19,975.0499877929688,965.4500122070312,968.5999755859375,969.75,906299.0,967.0057983398438
2019-12-20,1008.0499877929688,972.0,972.0,992.75,10219499.0,989.9407348632812
2019-12-23,1011.7000122070312,987.5499877929688,1002.0,996.7999877929688,1347986.0,993.979248046875
2019-12-24,999.9000244140625,985.0,998.0,994.75,716972.0,991.93505859375
2019-12-26,999.7000122070312,988.0999755859375,998.25,991.0,335933.0,988.1956787109375
2019-12-27,991.5,977.5499877929688,988.0,988.6500244140625,438117.0,985.8523559570312
2019-12-30,991.4500122070312,972.7999877929688,988.9000244140625,976.3499755859375,390678.0,973.5870971679688
2019-12-31,980.0,958.1500244140625,976.0,961.5999755859375,403539.0,958.8788452148438
2020-01-01,980.0,961.5999755859375,965.0,976.4000244140625,349251.0,973.6370239257812
2020-01-02,975.7000122070312,966.0,975.7000122070312,969.3499755859375,335765.0,966.60693359375
2020-01-03,982.7999877929688,969.0,970.0,975.0999755859375,451217.0,972.3406372070312
2020-01-06,1003.0999755859375,958.0,966.0999755859375,983.0999755859375,895840.0,980.3179931640625
2020-01-07,1003.0,980.0,990.0,984.9000244140625,570304.0,982.1129760742188
2020-01-08,992.2999877929688,975.2000122070312,978.0,987.75,368547.0,984.9548950195312
2020-01-09,998.0,979.75,996.7999877929688,988.5,614382.0,985.7027587890625
2020-01-10,997.0,983.2999877929688,989.0,989.0,351231.0,986.2013549804688
2020-01-13,997.9500122070312,980.0,993.0,989.8499755859375,332236.0,987.0488891601562
2020-01-14,994.0,984.0,993.0,987.7999877929688,369532.0,985.0046997070312
2020-01-15,1002.0,981.0,988.0,998.1500244140625,533340.0,995.325439453125
2020-01-16,1003.0,992.0,1000.0,999.9000244140625,465355.0,997.0704956054688
2020-01-17,1009.7999877929688,985.25,999.7999877929688,996.3499755859375,372188.0,993.530517578125
2020-01-20,1001.0,975.5,1000.0,981.5,341082.0,978.7225341796875
2020-01-21,987.0,970.2000122070312,980.0,972.75,355550.0,969.997314453125
2020-01-22,992.5999755859375,972.0,980.0,981.7000122070312,1299987.0,978.9219970703125
2020-01-23,1004.0,980.2000122070312,985.4000244140625,985.9500122070312,1151390.0,983.1599731445312
2020-01-24,1020.0,977.0,986.0,999.7999877929688,1388247.0,996.9707641601562
2020-01-27,1014.7000122070312,987.3499755859375,999.7999877929688,992.1500244140625,740311.0,989.3424682617188
2020-01-28,1007.0,975.75,993.0,987.8499755859375,578382.0,985.0545654296875
2020-01-29,1012.1500244140625,988.0,992.0,1007.7999877929688,538017.0,1004.9481201171875
2020-01-30,1017.0,989.2999877929688,1014.0,998.25,561770.0,995.4251708984375
2020-01-31,1006.0,983.1500244140625,1005.0,994.0999755859375,445170.0,991.286865234375
2020-02-03,921.8499755859375,856.6500244140625,895.0,912.6500244140625,4046967.0,910.0674438476562
2020-02-04,922.9000244140625,896.0,912.0,911.5999755859375,2004591.0,909.0203247070312
2020-02-05,915.7999877929688,898.5,913.5999755859375,910.5499877929688,1337410.0,907.9733276367188
2020-02-06,925.0,912.0499877929688,916.0999755859375,919.5,1185756.0,916.8980102539062
2020-02-07,955.4500122070312,915.5499877929688,920.0,947.2999877929688,1642253.0,944.6193237304688
2020-02-10,956.25,938.0,952.0,952.7999877929688,734151.0,950.103759765625
2020-02-11,960.4500122070312,935.7999877929688,960.4500122070312,939.75,584552.0,937.0906982421875
2020-02-12,948.7999877929688,925.0,944.75,932.8499755859375,925589.0,930.210205078125
2020-02-13,937.0,916.0,937.0,927.5499877929688,551572.0,924.9252319335938
2020-02-14,932.4000244140625,907.0,932.4000244140625,914.25,402685.0,911.662841796875
2020-02-17,919.4500122070312,904.0,915.5,914.4000244140625,355839.0,911.8124389648438
2020-02-18,921.4500122070312,907.0999755859375,915.0,916.0499877929688,901858.0,913.457763671875
2020-02-19,942.4500122070312,918.0999755859375,918.0999755859375,938.2000122070312,786366.0,935.5451049804688
2020-02-20,945.0,921.7000122070312,939.7000122070312,928.75,784552.0,926.121826171875
2020-02-24,941.5,910.0,923.5999755859375,916.5999755859375,493211.0,914.0061645507812
2020-02-25,934.7000122070312,891.75,923.5,901.2000122070312,760359.0,898.6497802734375
2020-02-26,914.7999877929688,881.5,893.7999877929688,891.3499755859375,807168.0,888.82763671875
2020-02-27,913.9000244140625,875.0,890.7999877929688,905.3499755859375,821122.0,902.7880249023438
2020-02-28,895.0,875.0,886.0,890.4000244140625,1002851.0,887.88037109375
2020-03-02,909.0,878.0,895.1500244140625,894.1500244140625,629219.0,891.6197509765625
2020-03-03,914.0,892.0499877929688,903.0499877929688,899.8499755859375,615494.0,897.3035888671875
2020-03-04,912.0,877.0,902.9000244140625,885.0999755859375,769392.0,882.5953369140625
2020-03-05,901.4500122070312,876.5499877929688,891.3499755859375,884.4500122070312,1014502.0,881.9472045898438
2020-03-06,881.5,848.2999877929688,865.0,853.9500122070312,1436479.0,851.5335083007812
2020-03-09,861.9000244140625,803.0,836.2000122070312,825.2999877929688,1424660.0,822.9645385742188
2020-03-11,847.9000244140625,784.1500244140625,819.0,808.9500122070312,1305970.0,806.6608276367188
2020-03-12,775.7000122070312,700.0,761.0,751.7000122070312,2111588.0,749.5728759765625
2020-03-13,795.0,625.0999755859375,665.0,761.9500122070312,2077130.0,759.7938232421875
2020-03-16,772.8499755859375,661.5999755859375,701.0,731.5499877929688,1588572.0,729.4798583984375
2020-03-17,768.5,675.0,732.0,687.0,1398542.0,685.055908203125
2020-03-18,696.9500122070312,588.1500244140625,695.0499877929688,596.25,2202064.0,594.562744140625
2020-03-19,619.9000244140625,519.4000244140625,565.0,607.7000122070312,2916821.0,605.9803466796875
2020-03-20,680.75,606.0,627.0,633.5,2004915.0,631.7073364257812
2020-03-23,617.0,522.2000122070312,569.9500122070312,539.2000122070312,1652165.0,537.6741943359375
2020-03-24,589.9500122070312,535.0,551.4000244140625,546.25,1108727.0,544.7042236328125
2020-03-25,630.0,530.0,530.0,587.8499755859375,1610706.0,586.1864624023438
2020-03-26,665.0,595.3499755859375,603.5,618.1500244140625,1629666.0,616.4008178710938
2020-03-27,657.0,585.0,636.2000122070312,602.8499755859375,1299441.0,601.14404296875
2020-03-30,634.5,575.0,598.9000244140625,622.0,1301701.0,620.2398681640625
2020-03-31,653.7000122070312,624.1500244140625,638.0,641.0,1087481.0,639.1860961914062
2020-04-01,659.0,628.0,641.9000244140625,635.0999755859375,971706.0,633.3027954101562
2020-04-03,665.0,627.2999877929688,648.0,650.1500244140625,1279329.0,648.3102416992188
2020-04-07,748.2999877929688,653.0,665.0,735.2999877929688,1916861.0,733.21923828125
2020-04-08,795.0,721.0,741.9000244140625,742.7999877929688,1443627.0,740.697998046875
2020-04-09,773.9500122070312,735.0499877929688,755.0,739.4500122070312,683512.0,737.3575439453125
2020-04-13,749.9500122070312,700.0,745.0,707.75,760239.0,705.7471923828125
2020-04-15,724.9500122070312,695.0999755859375,720.0,700.9000244140625,1232607.0,698.9166259765625
2020-04-16,698.0,681.0999755859375,690.0,685.25,1363923.0,683.3109130859375
2020-04-17,721.0,687.0,703.5499877929688,702.4500122070312,1777451.0,700.4622192382812
2020-04-20,712.1500244140625,697.0,703.0,700.0,1360101.0,698.0191650390625
2020-04-21,691.1500244140625,667.0,688.0,671.2999877929688,677346.0,669.4003295898438
2020-04-22,709.0,675.0,685.9000244140625,704.7999877929688,954059.0,702.8055419921875
2020-04-23,732.5,709.0,712.0,717.6500244140625,1219237.0,715.6192016601562
2020-04-24,706.8499755859375,676.0,701.0,679.1500244140625,1016019.0,677.2281494140625
2020-04-27,727.0,688.1500244140625,694.75,714.0999755859375,3275845.0,712.0792236328125
2020-04-28,728.0,706.5499877929688,724.0,719.8499755859375,1002540.0,717.8129272460938
2020-04-29,723.0,708.4000244140625,723.0,713.3499755859375,634432.0,711.3313598632812
2020-04-30,741.0,716.8499755859375,735.2000122070312,726.8499755859375,1925414.0,724.7931518554688
2020-05-04,726.0,675.5,710.0,687.6500244140625,1418017.0,685.7041015625
2020-05-05,734.7000122070312,698.2000122070312,705.0,713.5499877929688,4310285.0,711.53076171875
2020-05-06,749.0,706.0,716.9500122070312,731.1500244140625,3664820.0,729.0809936523438
2020-05-07,742.5,723.5,737.0,735.1500244140625,1345672.0,733.0697021484375
2020-05-08,768.8499755859375,738.5,742.0,760.0499877929688,2349883.0,757.8992309570312
2020-05-11,770.9500122070312,744.8499755859375,770.9500122070312,750.5,1498957.0,748.376220703125
2020-05-12,755.5999755859375,735.0999755859375,747.0,744.5999755859375,1115902.0,742.492919921875
2020-05-13,780.0,752.9500122070312,765.25,760.5,1752331.0,758.3479614257812
2020-05-14,770.5,741.0999755859375,756.7999877929688,746.75,987397.0,744.6368408203125
2020-05-15,754.4500122070312,742.2000122070312,754.4500122070312,751.9500122070312,1032406.0,749.8221435546875
2020-05-18,750.0,694.4500122070312,750.0,700.75,1705933.0,698.7670288085938
2020-05-19,720.0,698.0,709.0,702.9500122070312,1496613.0,700.9608154296875
2020-05-20,717.7000122070312,700.0,701.0,715.7999877929688,1289104.0,713.7744140625
2020-05-21,742.9500122070312,716.0499877929688,717.7999877929688,730.4000244140625,1400397.0,728.3331298828125
2020-05-22,744.0,723.5,732.0,729.9500122070312,1507444.0,727.8843994140625
2020-05-26,756.0,731.4000244140625,735.0,754.4500122070312,1110985.0,752.3150634765625
2020-05-27,754.4000244140625,737.2000122070312,752.0,741.1500244140625,682804.0,739.052734375
2020-05-28,754.75,740.0,745.0,748.0999755859375,1134155.0,745.9830322265625
2020-05-29,783.0,745.4000244140625,747.9500122070312,768.6500244140625,7090367.0,766.4749145507812
2020-06-01,780.9500122070312,765.9000244140625,776.0,774.7999877929688,1712847.0,772.6074829101562
2020-06-02,791.0,774.2999877929688,783.7999877929688,779.5,1388838.0,777.294189453125
2020-06-03,814.7999877929688,784.5,789.0,807.0999755859375,2163284.0,804.8160400390625
2020-06-04,820.5,788.7999877929688,809.75,794.7999877929688,1404467.0,792.5508422851562
2020-06-05,805.25,782.9000244140625,798.9000244140625,796.7000122070312,1199773.0,794.4454956054688
2020-06-08,808.0,776.0,802.0,779.2999877929688,1371772.0,777.0947265625
2020-06-09,789.0,752.5,782.0999755859375,758.5,1521206.0,756.3535766601562
2020-06-10,760.0,739.7000122070312,759.0,741.7000122070312,2283056.0,739.6011352539062
2020-06-11,757.5999755859375,735.0,740.0,740.9000244140625,1314357.0,738.8034057617188
2020-06-12,760.9000244140625,728.75,730.0,750.4500122070312,4340501.0,748.326416015625
2020-06-15,754.7999877929688,740.6500244140625,747.9000244140625,745.2999877929688,3316220.0,743.19091796875
2020-06-16,770.7000122070312,742.4000244140625,751.0,764.0999755859375,1883900.0,761.937744140625
2020-06-17,779.5,764.2000122070312,766.0499877929688,772.0499877929688,1936475.0,769.865234375
2020-06-18,786.4000244140625,767.5999755859375,769.4000244140625,771.5999755859375,951540.0,769.41650390625
2020-06-19,780.8499755859375,767.2000122070312,779.0,775.8499755859375,2912093.0,773.6544799804688
2020-06-22,790.4000244140625,761.5,781.0999755859375,777.9500122070312,1164278.0,775.7485961914062
2020-06-23,805.2999877929688,777.0,777.0,796.6500244140625,1506742.0,794.3956909179688
2020-06-24,810.0,775.5499877929688,800.6500244140625,780.75,1699063.0,778.5406494140625
2020-06-25,792.9500122070312,775.0999755859375,778.0,786.25,735190.0,784.0250854492188
2020-06-26,802.0,782.0,791.0999755859375,784.3499755859375,986158.0,782.1304321289062
2020-06-29,789.8499755859375,774.2999877929688,780.0,786.7999877929688,597371.0,784.573486328125
2020-06-30,811.0,789.0,789.0,806.4500122070312,2052551.0,804.1679077148438
2020-07-01,819.8499755859375,802.0,814.9500122070312,805.25,1320983.0,802.9713134765625
2020-07-02,819.3499755859375,802.1500244140625,802.1500244140625,814.0499877929688,1075581.0,811.7463989257812
2020-07-03,846.0,819.3499755859375,821.0,844.0499877929688,2085479.0,841.6614990234375
2020-07-06,875.0,851.4000244140625,853.0,863.5,1836436.0,861.0564575195312
2020-07-07,874.7999877929688,853.6500244140625,867.0,868.6500244140625,1104353.0,866.1919555664062
2020-07-08,871.9000244140625,846.0999755859375,870.0,850.75,1688004.0,848.342529296875
2020-07-09,853.9000244140625,835.0499877929688,851.0,840.25,1180400.0,837.8722534179688
2020-07-10,871.9000244140625,850.0,850.0,860.2000122070312,2062795.0,857.7658081054688
2020-07-13,867.8499755859375,848.1500244140625,867.8499755859375,862.9500122070312,668624.0,860.508056640625
2020-07-14,886.5,856.0999755859375,861.9000244140625,859.75,1535913.0,857.3170776367188
2020-07-15,870.5,852.3499755859375,863.0,855.8499755859375,772942.0,853.4281005859375
2020-07-16,869.5,851.25,856.0499877929688,865.2000122070312,630372.0,862.7516479492188
2020-07-17,881.8499755859375,862.5499877929688,868.1500244140625,875.2000122070312,1228812.0,872.723388671875
2020-07-20,888.0999755859375,851.0,879.0499877929688,854.4500122070312,1497333.0,852.0321044921875
2020-07-21,895.9500122070312,844.0,864.0,888.3499755859375,4650668.0,885.8361206054688
2020-07-22,892.75,856.0999755859375,892.5,859.2000122070312,1757409.0,856.7686767578125
2020-07-23,880.0,859.2000122070312,861.7999877929688,877.7999877929688,937539.0,875.3159790039062
2020-07-24,877.0,863.0,873.9000244140625,867.4000244140625,784937.0,864.9454345703125
2020-07-27,882.2000122070312,856.2000122070312,874.9000244140625,867.4500122070312,1342666.0,864.9953002929688
2020-07-28,888.9000244140625,863.3499755859375,865.0,883.3499755859375,1005499.0,880.8502807617188
2020-07-29,890.0,874.5499877929688,874.5499877929688,881.0999755859375,934883.0,878.6066284179688
2020-07-30,916.0,881.6500244140625,887.8499755859375,913.5499877929688,2422578.0,910.96484375
2020-07-31,921.75,903.5999755859375,921.75,912.8499755859375,1271226.0,910.2667846679688
2020-08-03,911.0,872.5999755859375,911.0,875.0999755859375,1291032.0,872.6235961914062
2020-08-04,882.5,868.0,881.0999755859375,875.7999877929688,707018.0,873.3216552734375
2020-08-05,880.6500244140625,858.4500122070312,876.7999877929688,860.9000244140625,1364739.0,858.4638671875
2020-08-06,878.0,859.4500122070312,868.7000122070312,875.4000244140625,907553.0,872.9228515625
2020-08-07,883.8499755859375,862.1500244140625,879.9000244140625,868.5999755859375,827168.0,866.1420288085938
2020-08-10,882.0,861.7999877929688,880.0,865.75,1090543.0,863.3001098632812
2020-08-11,878.0,857.5,868.0,860.5999755859375,971871.0,858.1646728515625
2020-08-12,868.5,851.0,860.5999755859375,856.9000244140625,1068002.0,854.4751586914062
2020-08-13,868.0,855.0999755859375,860.9000244140625,861.5,666359.0,859.0621337890625
2020-08-14,866.9000244140625,828.7000122070312,866.9000244140625,839.2999877929688,1897736.0,836.9249267578125
2020-08-17,847.1500244140625,838.2000122070312,845.0,842.3499755859375,1435984.0,839.96630859375
2020-08-18,864.75,844.5999755859375,845.9500122070312,860.4500122070312,1170823.0,858.01513671875
2020-08-19,875.5999755859375,860.4500122070312,860.6500244140625,863.6500244140625,1332665.0,861.2060546875
2020-08-20,864.75,849.0,861.0,852.8499755859375,660128.0,850.4365844726562
2020-08-21,889.7999877929688,859.0,881.0499877929688,861.25,3651529.0,858.8128662109375
2020-08-24,869.9000244140625,851.5999755859375,866.7999877929688,860.8499755859375,951781.0,858.4139404296875
2020-08-25,865.9500122070312,837.8499755859375,862.3499755859375,847.9000244140625,1877987.0,845.5006713867188
2020-08-26,855.0,833.6500244140625,855.0,839.2000122070312,2151196.0,836.8252563476562
2020-08-27,845.7999877929688,835.0999755859375,843.9500122070312,841.25,945124.0,838.8694458007812
2020-08-28,858.7000122070312,843.0499877929688,846.0,851.5499877929688,1640185.0,849.1402587890625
2020-08-31,864.0,818.5499877929688,855.5,827.75,2086032.0,825.4076538085938
2020-09-01,840.0,818.0499877929688,825.0,835.9000244140625,1148605.0,833.5346069335938
2020-09-02,865.0,841.2999877929688,843.0,850.2999877929688,2006869.0,847.893798828125
2020-09-03,863.75,851.0,853.9000244140625,852.2999877929688,888422.0,849.88818359375
2020-09-04,845.7999877929688,833.0,842.0,834.5499877929688,1069706.0,832.1884155273438
2020-09-07,842.0,826.0,835.5,838.4500122070312,808757.0,836.077392578125
2020-09-08,850.8499755859375,830.2000122070312,840.9500122070312,845.0,1438741.0,842.6088256835938
2020-09-09,843.5,822.0,837.75,830.5,1685144.0,828.1498413085938
2020-09-10,848.0,833.0999755859375,833.9000244140625,845.2000122070312,659109.0,842.8082885742188
2020-09-11,866.9000244140625,843.75,846.0,864.4000244140625,1559667.0,861.9539794921875
2020-09-14,876.0,850.0,871.0,857.0999755859375,1346301.0,854.674560546875
2020-09-15,871.0,853.0499877929688,861.2999877929688,864.7000122070312,724917.0,862.2531127929688
2020-09-16,873.5,861.2999877929688,865.0,867.6500244140625,823952.0,865.1947631835938
2020-09-17,866.4000244140625,852.5499877929688,858.4000244140625,856.1500244140625,612356.0,853.727294921875
2020-09-18,861.7999877929688,845.0499877929688,856.9500122070312,848.0999755859375,1245818.0,845.7000122070312
2020-09-21,851.7999877929688,835.5999755859375,849.0,840.0999755859375,875668.0,837.72265625
2020-09-22,840.0,801.5999755859375,840.0,831.8499755859375,1265561.0,829.4960327148438
2020-09-23,841.5,827.1500244140625,833.3499755859375,833.0,628723.0,830.6427612304688
2020-09-24,832.1500244140625,782.3499755859375,830.5999755859375,804.4000244140625,14778790.0,802.1237182617188
2020-09-25,813.5,780.0,796.0,797.0499877929688,2252162.0,794.7944946289062
2020-09-28,816.25,800.0,803.0,813.0,1108315.0,810.6994018554688
2020-09-29,831.4000244140625,802.0999755859375,819.0,809.0999755859375,1666687.0,806.8103637695312
2020-09-30,814.5499877929688,802.4000244140625,809.4000244140625,811.4500122070312,701139.0,809.15380859375
2020-10-01,824.9500122070312,807.6500244140625,817.0,818.9000244140625,941061.0,816.5827026367188
2020-10-05,835.0,815.0,822.0,824.9500122070312,803756.0,822.6156005859375
2020-10-06,836.0,822.25,826.0,830.0499877929688,1211894.0,827.7011108398438
2020-10-07,836.0,825.0499877929688,832.5,827.9500122070312,637342.0,825.6071166992188
2020-10-08,836.0,818.0,835.25,821.0499877929688,1313341.0,818.7265625
2020-10-09,827.2999877929688,803.5,826.1500244140625,805.9000244140625,1188895.0,803.6195068359375
2020-10-12,812.9000244140625,787.2000122070312,812.9000244140625,791.6500244140625,1097157.0,789.4098510742188
2020-10-13,795.0,781.0,790.0,786.5499877929688,1142687.0,784.32421875
2020-10-14,813.6500244140625,776.6500244140625,788.0,810.5999755859375,2146398.0,808.30615234375
2020-10-15,821.7999877929688,801.75,810.5999755859375,804.75,1920570.0,802.4727172851562
2020-10-16,811.0,796.6500244140625,802.0,799.5499877929688,682969.0,797.2874145507812
2020-10-19,808.5499877929688,795.0,800.5,798.2999877929688,661678.0,796.0409545898438
2020-10-20,809.25,790.0,809.25,800.75,1616359.0,798.4840698242188
2020-10-21,804.0,780.7999877929688,801.0,785.3499755859375,1763644.0,783.1276245117188
2020-10-22,788.2999877929688,771.2999877929688,788.2999877929688,780.7999877929688,1861965.0,778.5905151367188
2020-10-23,789.75,767.0,783.1500244140625,770.7000122070312,2252423.0,768.5191040039062
2020-10-26,784.9000244140625,765.0999755859375,775.0,778.8499755859375,2638341.0,776.64599609375
2020-10-27,791.7999877929688,771.0999755859375,791.0,774.4500122070312,2566397.0,772.2584838867188
2020-10-28,778.2000122070312,766.0,777.0,771.0,1156097.0,768.8182373046875
2020-10-29,773.0,755.25,764.4500122070312,761.5,1126591.0,759.3450927734375
2020-10-30,775.7000122070312,757.2999877929688,761.5,769.1500244140625,1156735.0,766.9735107421875
2020-11-02,778.5,762.2000122070312,771.0,766.0499877929688,891886.0,763.8822021484375
2020-11-03,797.7999877929688,769.1500244140625,773.5499877929688,788.9000244140625,1542962.0,786.6676025390625
2020-11-04,796.75,783.7999877929688,796.75,791.0,923658.0,788.7616577148438
2020-11-05,806.7999877929688,793.0,797.0,805.0,1373458.0,802.7220458984375
2020-11-06,808.9000244140625,795.0,805.4500122070312,801.25,1722728.0,798.9826049804688
2020-11-09,817.8499755859375,801.7000122070312,808.0,808.1500244140625,1255422.0,805.8631591796875
2020-11-10,832.9000244140625,811.3499755859375,816.2000122070312,829.4000244140625,1490688.0,827.052978515625
2020-11-11,847.0,831.5999755859375,833.0,839.5499877929688,1822930.0,837.1742553710938
2020-11-12,844.4000244140625,825.0999755859375,840.0,837.75,1003690.0,835.3793334960938
2020-11-13,838.9500122070312,824.0999755859375,837.75,831.8499755859375,824124.0,829.4960327148438
2020-11-17,866.9000244140625,836.2999877929688,841.0,863.1500244140625,2140176.0,860.70751953125
2020-11-18,868.7000122070312,846.7999877929688,863.75,857.9500122070312,968393.0,855.522216796875
2020-11-19,862.7999877929688,838.0,854.7999877929688,846.75,1466056.0,844.3538818359375
2020-11-20,850.0,835.0,848.7999877929688,845.4500122070312,971981.0,843.0575561523438
2020-11-23,854.4000244140625,830.0,847.2000122070312,831.5999755859375,1668966.0,829.2467041015625
2020-11-24,840.0,831.9500122070312,831.9500122070312,838.9500122070312,874577.0,836.5759887695312
2020-11-25,864.6500244140625,844.0,846.0499877929688,849.0499877929688,2407145.0,846.6473388671875
2020-11-26,858.6500244140625,848.2999877929688,853.2999877929688,851.5,1791878.0,849.0904541015625
2020-11-27,857.5999755859375,841.0,855.0,846.0499877929688,2310173.0,843.6558227539062
2020-12-01,855.0,840.2000122070312,849.9000244140625,851.3499755859375,1027637.0,848.9408569335938
2020-12-02,879.25,850.2999877929688,853.0,875.5499877929688,2097626.0,873.0723876953125
2020-12-03,881.0,851.4000244140625,880.0,858.1500244140625,3804064.0,855.7216186523438
2020-12-04,871.0,856.4500122070312,865.0999755859375,863.0,1654173.0,860.557861328125
2020-12-07,866.0,848.0,863.5,851.75,2151322.0,849.3397216796875
2020-12-08,859.5,848.2000122070312,854.7999877929688,853.7999877929688,2473148.0,851.3839111328125
2020-12-09,864.0,854.7999877929688,858.0,858.0,1813714.0,855.572021484375
2020-12-10,862.9000244140625,855.0,861.0,856.0499877929688,2302834.0,853.6275634765625
2020-12-11,862.7999877929688,845.4000244140625,860.9000244140625,849.7000122070312,1939950.0,847.2955322265625
2020-12-14,858.2999877929688,848.0499877929688,855.0,850.2000122070312,1186967.0,847.7941284179688
2020-12-15,858.4500122070312,842.0499877929688,851.2000122070312,856.2000122070312,2044843.0,853.7771606445312
2020-12-16,861.5,850.5,861.2000122070312,857.5,1618300.0,855.0734252929688
2020-12-17,865.9000244140625,851.5999755859375,857.5,856.3499755859375,1650113.0,853.9266967773438
2020-12-18,864.0,852.7999877929688,859.0,857.1500244140625,1469894.0,854.7244873046875
2020-12-21,864.0,832.5499877929688,858.0,840.8499755859375,2239781.0,838.4705200195312
2020-12-22,855.5999755859375,825.2000122070312,840.8499755859375,853.9500122070312,2263176.0,851.5335083007812
2020-12-23,859.0,847.6500244140625,855.5,854.9500122070312,1535665.0,852.5307006835938
2020-12-24,879.7000122070312,851.25,857.9000244140625,873.9000244140625,2659479.0,871.4270629882812
2020-12-28,904.5,877.5,882.9000244140625,901.6500244140625,4187861.0,899.0985717773438
2020-12-29,908.9500122070312,890.2999877929688,906.9500122070312,899.2999877929688,1834129.0,896.7551879882812
2020-12-30,911.0,890.7999877929688,902.0,902.9500122070312,1969826.0,900.3948364257812
2020-12-31,907.2999877929688,894.25,902.0,904.25,1123846.0,901.691162109375
2021-01-01,907.0499877929688,894.0,903.0,895.4000244140625,798399.0,892.8662109375
2021-01-04,917.0,894.5,900.0,911.4000244140625,1028233.0,908.8209838867188
2021-01-05,919.9000244140625,899.0,906.4500122070312,905.5499877929688,1209912.0,902.9874877929688
2021-01-06,915.0,901.0,906.5499877929688,910.2999877929688,1214878.0,907.7240600585938
2021-01-07,916.5,904.25,916.2000122070312,914.1500244140625,1109459.0,911.5631713867188
2021-01-08,954.5,918.0,920.0,935.5,4436263.0,932.8527221679688
2021-01-11,952.5,926.8499755859375,940.0,936.25,2146652.0,933.6005859375
2021-01-12,936.0,921.5499877929688,934.7999877929688,925.0,1573331.0,922.3824462890625
2021-01-13,949.0,922.5,927.5,926.5499877929688,1996557.0,923.9280395507812
2021-01-14,931.8499755859375,918.5,930.0999755859375,925.1500244140625,719918.0,922.5320434570312
2021-01-15,929.7999877929688,903.4000244140625,925.1500244140625,910.25,733660.0,907.6741943359375
2021-01-18,907.2000122070312,883.2000122070312,899.0,892.9000244140625,936905.0,890.373291015625
2021-01-19,918.0,890.5,890.5,904.4000244140625,1420092.0,901.8407592773438
2021-01-20,910.9000244140625,895.0,905.0999755859375,896.75,1147187.0,894.21240234375
2021-01-21,907.7999877929688,875.0,907.7999877929688,878.2999877929688,1913821.0,875.8145751953125
2021-01-22,885.7000122070312,838.0,885.5,862.5499877929688,3421388.0,860.109130859375
2021-01-25,882.75,853.0,865.9000244140625,862.8499755859375,2534590.0,860.4082641601562
2021-01-27,885.0,859.0999755859375,865.2999877929688,881.75,2745728.0,879.2548217773438
2021-01-28,884.3499755859375,868.8499755859375,883.0,872.5499877929688,1855486.0,870.0808715820312
2021-01-29,883.0499877929688,858.0499877929688,876.5499877929688,864.4500122070312,2286478.0,862.0037841796875
2021-02-01,897.0,852.0499877929688,875.0,874.5,3099408.0,872.0253295898438
2021-02-02,890.0,857.9500122070312,888.0,865.3499755859375,2781083.0,862.9012451171875
2021-02-03,879.9500122070312,858.3499755859375,870.0,866.1500244140625,1883217.0,863.698974609375
2021-02-04,870.7000122070312,859.0,866.1500244140625,863.9000244140625,2094974.0,861.4553833007812
2021-02-05,870.0,853.6500244140625,866.75,864.2000122070312,1766235.0,861.7545166015625
2021-02-08,871.7000122070312,857.0,865.0,859.0999755859375,1899676.0,856.6688842773438
2021-02-09,895.0,863.0,869.0,888.7000122070312,4311868.0,886.1851806640625
2021-02-10,915.25,894.0,898.0,911.3499755859375,4993209.0,908.7710571289062
2021-02-11,921.9000244140625,905.5499877929688,909.7999877929688,907.3499755859375,2184819.0,904.7823486328125
2021-02-12,913.5,893.4500122070312,908.0,896.8499755859375,984794.0,894.3120727539062
2021-02-15,901.1500244140625,875.0,898.0,877.25,1715171.0,874.767578125
2021-02-16,888.2999877929688,869.0,877.25,872.0,1634864.0,869.5324096679688
2021-02-17,883.1500244140625,870.0,870.0,877.1500244140625,1496973.0,874.6678466796875
2021-02-18,898.8499755859375,878.7000122070312,880.0999755859375,893.5,2387930.0,890.9715576171875
2021-02-19,899.1500244140625,874.25,898.4000244140625,881.5,1120800.0,879.0055541992188
2021-02-22,885.0,845.0999755859375,880.0,849.0499877929688,1810985.0,846.6473388671875
2021-02-23,874.4000244140625,849.0,853.0,869.7000122070312,1480977.0,867.2389526367188
2021-02-24,875.9000244140625,852.7000122070312,870.0999755859375,871.5499877929688,683427.0,869.0836791992188
2021-02-25,882.9000244140625,869.7000122070312,873.2000122070312,872.4000244140625,1885254.0,869.9313354492188
2021-02-26,878.9500122070312,858.0499877929688,860.0,866.9000244140625,2636891.0,864.4468994140625
2021-03-01,879.0,852.2000122070312,860.0,876.4000244140625,2648545.0,873.9199829101562
2021-03-02,886.0,870.5,876.75,879.1500244140625,1583910.0,876.6622314453125
2021-03-03,910.0,883.5,888.0,906.4500122070312,2127137.0,903.8849487304688
2021-03-04,924.7999877929688,892.4000244140625,899.7000122070312,915.9000244140625,3140379.0,913.3082275390625
2021-03-05,915.0,894.9500122070312,910.0,903.5499877929688,1268992.0,900.9931030273438
2021-03-08,930.6500244140625,901.7000122070312,903.5999755859375,923.8499755859375,1396479.0,921.2356567382812
2021-03-09,983.75,939.0,950.0,971.2999877929688,11031435.0,968.5513916015625
2021-03-10,974.0,936.0,973.7000122070312,940.75,2362998.0,938.087890625
2021-03-12,936.2999877929688,905.0,905.0499877929688,914.2000122070312,28967831.0,911.613037109375
2021-03-15,926.75,902.0,921.0,920.0,4581531.0,917.3966064453125
2021-03-16,923.9000244140625,911.0,918.4500122070312,914.0499877929688,1422174.0,911.4634399414062
2021-03-17,923.9000244140625,885.2000122070312,923.9000244140625,888.9500122070312,3809803.0,886.4344482421875
2021-03-18,898.0,882.2999877929688,895.0,890.4500122070312,2657918.0,887.9302368164062
2021-03-19,909.9500122070312,882.2999877929688,887.9500122070312,906.7000122070312,2849173.0,904.1342163085938
2021-03-22,909.25,895.3499755859375,905.0,900.2000122070312,1660688.0,897.6526489257812
2021-03-23,910.8499755859375,895.0,904.7999877929688,898.9000244140625,1642691.0,896.3563232421875
2021-03-24,895.0,875.0499877929688,893.0,880.7000122070312,1900721.0,878.2078247070312
2021-03-25,884.2999877929688,861.0,875.0999755859375,864.0999755859375,2711471.0,861.6547241210938
2021-03-26,876.9000244140625,868.0999755859375,870.0,873.9500122070312,1194885.0,871.4769287109375
2021-03-30,881.0,868.0,876.0,872.1500244140625,1276847.0,869.6820068359375
2021-03-31,890.9000244140625,870.9500122070312,876.0,880.8499755859375,1929013.0,878.3573608398438
2021-04-01,890.0499877929688,876.5,881.5999755859375,883.4500122070312,1193426.0,880.9500122070312
2021-04-05,887.0,864.7999877929688,885.0,872.5499877929688,1091002.0,872.5499877929688
2021-04-06,903.0,865.9500122070312,872.7999877929688,897.5499877929688,1351799.0,897.5499877929688
2021-04-07,921.0,898.25,901.0,918.5,2860132.0,918.5
2021-04-08,921.4000244140625,905.0,921.4000244140625,908.5,1342782.0,908.5
2021-04-09,915.9500122070312,900.2000122070312,904.5999755859375,910.0999755859375,1344813.0,910.0999755859375
2021-04-12,905.4000244140625,868.5,900.6500244140625,872.4500122070312,1485108.0,872.4500122070312
2021-04-13,900.75,874.75,881.4500122070312,897.7999877929688,1174856.0,897.7999877929688
2021-04-15,912.0,890.0,895.0,908.7000122070312,1464475.0,908.7000122070312
2021-04-16,919.5499877929688,905.5999755859375,917.0,914.2000122070312,1310422.0,914.2000122070312
2021-04-19,909.9000244140625,888.5,897.2000122070312,906.25,1580387.0,906.25
2021-04-20,931.0999755859375,895.3499755859375,917.0,898.9500122070312,3593124.0,898.9500122070312
2021-04-22,920.6500244140625,895.0499877929688,900.0,914.4000244140625,1988641.0,914.4000244140625
2021-04-23,941.9000244140625,896.3499755859375,896.3499755859375,922.8499755859375,3601606.0,922.8499755859375
2021-04-26,946.9000244140625,916.0,919.1500244140625,942.5,3751088.0,942.5
2021-04-27,946.7999877929688,925.0,946.0,928.75,1926977.0,928.75
2021-04-28,934.0,914.1500244140625,934.0,930.4000244140625,1904945.0,930.4000244140625
2021-04-29,935.0,921.2999877929688,930.4000244140625,928.2000122070312,830577.0,928.2000122070312
2021-04-30,940.5,919.7999877929688,928.0,928.7000122070312,1326833.0,928.7000122070312
2021-05-03,980.0,916.0499877929688,921.9500122070312,958.5999755859375,5424609.0,958.5999755859375
2021-05-04,1005.0,942.5499877929688,998.0,982.9000244140625,10515809.0,982.9000244140625
2021-05-05,1019.7999877929688,965.0,989.9500122070312,973.0999755859375,5475550.0,973.0999755859375
2021-05-06,983.4500122070312,961.2000122070312,977.2999877929688,969.4000244140625,1800692.0,969.4000244140625
2021-05-07,1044.699951171875,974.4000244140625,1030.0,1000.25,11010394.0,1000.25
2021-05-10,1017.5,995.0,1009.2999877929688,1005.0,2370879.0,1005.0
2021-05-11,1015.0,990.5,998.0,1000.9500122070312,1297672.0,1000.9500122070312
2021-05-12,1000.9000244140625,970.0,995.5499877929688,972.9000244140625,3513520.0,972.9000244140625
2021-05-14,982.0,965.0,972.9500122070312,978.4000244140625,1331063.0,978.4000244140625
2021-05-17,988.7999877929688,961.2000122070312,978.4000244140625,963.6500244140625,2181641.0,963.6500244140625
2021-05-18,976.0,964.2000122070312,965.9000244140625,968.4500122070312,1342840.0,968.4500122070312
2021-05-19,979.9000244140625,963.0,968.4500122070312,978.0499877929688,1101773.0,978.0499877929688
2021-05-20,984.4500122070312,965.7999877929688,981.4500122070312,969.1500244140625,1463348.0,969.1500244140625
2021-05-21,975.7000122070312,965.25,968.0999755859375,969.25,1245988.0,969.25
2021-05-24,971.9500122070312,960.6500244140625,967.3499755859375,962.5,1841255.0,962.5
2021-05-25,972.5999755859375,963.1500244140625,967.0,965.2999877929688,1235079.0,965.2999877929688
2021-05-26,980.0,969.0,969.0,971.75,1719675.0,971.75
2021-05-27,986.0,965.5499877929688,976.5,982.0999755859375,2428883.0,982.0999755859375
2021-05-28,987.0,972.0,986.0,976.8499755859375,1137566.0,976.8499755859375
2021-05-31,982.7999877929688,970.6500244140625,977.0,975.6500244140625,785669.0,975.6500244140625
2021-06-01,982.0,960.0999755859375,978.4000244140625,966.2999877929688,1420625.0,966.2999877929688
2021-06-02,993.4500122070312,963.4000244140625,965.0,984.4000244140625,2488600.0,984.4000244140625
2021-06-03,990.8499755859375,981.5,986.5,986.8499755859375,1724751.0,986.8499755859375
2021-06-04,994.9500122070312,984.0,994.9500122070312,989.1500244140625,996919.0,989.1500244140625
2021-06-07,997.9500122070312,987.0,995.0,988.5,693875.0,988.5
2021-06-08,988.0,963.0,988.0,979.8499755859375,3262160.0,979.8499755859375
2021-06-09,1007.0,978.1500244140625,978.1500244140625,998.5999755859375,3809219.0,998.5999755859375
2021-06-10,1005.0,992.0499877929688,1005.0,997.5499877929688,1041345.0,997.5499877929688
2021-06-11,1002.5,984.0,998.9000244140625,988.0999755859375,823207.0,988.0999755859375
2021-06-14,992.75,971.3499755859375,988.0999755859375,986.1500244140625,514960.0,986.1500244140625
2021-06-15,1003.75,980.8499755859375,991.7999877929688,995.8499755859375,1137725.0,995.8499755859375
2021-06-16,1003.8499755859375,988.3499755859375,999.9500122070312,991.7999877929688,833286.0,991.7999877929688
2021-06-17,992.7000122070312,977.0,983.0,983.2999877929688,869613.0,983.2999877929688
2021-06-18,1000.7000122070312,956.75,1000.7000122070312,982.5499877929688,1888723.0,982.5499877929688
2021-06-21,990.4000244140625,968.3499755859375,973.0,981.5499877929688,887943.0,981.5499877929688
2021-06-22,1011.0,980.0499877929688,982.0,1007.0,2289172.0,1007.0
2021-06-23,1015.0499877929688,999.0,1010.5,1000.5499877929688,1802617.0,1000.5499877929688
2021-06-24,1005.4500122070312,995.0,1000.0999755859375,1002.1500244140625,932721.0,1002.1500244140625
2021-06-25,1017.5499877929688,991.4000244140625,997.0,1007.1500244140625,980203.0,1007.1500244140625
2021-06-28,1019.7000122070312,998.0,1010.5,1002.0999755859375,1107325.0,1002.0999755859375
2021-06-29,1017.2999877929688,995.25,1000.0999755859375,999.4000244140625,2486963.0,999.4000244140625
2021-06-30,1011.75,998.4500122070312,1002.4000244140625,1008.1500244140625,777901.0,1008.1500244140625
2021-07-01,1017.4000244140625,1002.5999755859375,1009.0,1006.9000244140625,834379.0,1006.9000244140625
2021-07-02,1010.9000244140625,996.0499877929688,1010.9000244140625,1007.2000122070312,581097.0,1007.2000122070312
2021-07-05,1014.9500122070312,1005.7999877929688,1014.0,1009.8499755859375,431929.0,1009.8499755859375
2021-07-06,1032.9000244140625,1006.0999755859375,1010.9500122070312,1023.1500244140625,1693798.0,1023.1500244140625
2021-07-07,1027.0,1012.5499877929688,1023.5,1014.4000244140625,888200.0,1014.4000244140625
2021-07-08,1026.0,1002.0999755859375,1010.75,1021.5999755859375,868890.0,1021.5999755859375
2021-07-09,1028.0,1012.5499877929688,1014.0999755859375,1019.5999755859375,930387.0,1019.5999755859375
2021-07-12,1036.0,1018.9500122070312,1019.7000122070312,1033.449951171875,1297301.0,1033.449951171875
2021-07-13,1056.5,1036.050048828125,1040.0,1052.6500244140625,2525938.0,1052.6500244140625
2021-07-14,1060.8499755859375,1047.0,1050.0,1052.4000244140625,1596046.0,1052.4000244140625
2021-07-15,1064.949951171875,1049.3499755859375,1053.5,1052.949951171875,796945.0,1052.949951171875
2021-07-16,1057.8499755859375,1047.0999755859375,1054.0,1050.25,699003.0,1050.25
2021-07-19,1050.25,1027.300048828125,1044.9000244140625,1037.8499755859375,643558.0,1037.8499755859375
2021-07-20,1041.199951171875,1012.7999877929688,1037.25,1014.75,695099.0,1014.75
2021-07-22,1038.800048828125,1017.0,1017.0,1026.0,915518.0,1026.0
2021-07-23,1053.949951171875,1023.5499877929688,1025.5,1050.449951171875,1290998.0,1050.449951171875
2021-07-26,1104.9000244140625,1040.0999755859375,1048.0,1076.6500244140625,2151393.0,1076.6500244140625
2021-07-27,1113.75,1063.0,1098.0,1105.1500244140625,6096747.0,1105.1500244140625
2021-07-28,1138.800048828125,1093.0,1115.0,1133.4000244140625,4409570.0,1133.4000244140625
2021-07-29,1148.0,1124.050048828125,1133.0,1128.8499755859375,1555904.0,1128.8499755859375
2021-07-30,1123.0,1092.0,1123.0,1098.5999755859375,1238229.0,1098.5999755859375
2021-08-02,1128.5,1101.949951171875,1111.050048828125,1107.199951171875,1582968.0,1107.199951171875
2021-08-03,1134.9000244140625,1094.800048828125,1105.25,1131.699951171875,1033719.0,1131.699951171875
2021-08-04,1144.6500244140625,1125.0,1130.0,1136.8499755859375,1840302.0,1136.8499755859375
2021-08-05,1175.699951171875,1125.0,1170.199951171875,1134.75,6687775.0,1134.75
2021-08-06,1154.25,1127.449951171875,1140.0,1150.699951171875,1654283.0,1150.699951171875
2021-08-09,1156.0,1128.8499755859375,1151.25,1136.449951171875,1491795.0,1136.449951171875
2021-08-10,1146.0,1120.1500244140625,1142.75,1127.5999755859375,1911046.0,1127.5999755859375
2021-08-11,1142.0999755859375,1113.0999755859375,1130.0,1135.4000244140625,1458158.0,1135.4000244140625
2021-08-12,1150.949951171875,1128.550048828125,1136.300048828125,1134.050048828125,1054244.0,1134.050048828125
2021-08-13,1142.5,1131.050048828125,1132.0,1138.5999755859375,712776.0,1138.5999755859375
2021-08-16,1144.5,1128.3499755859375,1132.0,1139.0999755859375,479277.0,1139.0999755859375
2021-08-17,1151.800048828125,1123.550048828125,1138.0,1134.800048828125,1991904.0,1134.800048828125
2021-08-18,1146.4000244140625,1100.199951171875,1135.0,1114.050048828125,3428721.0,1114.050048828125
2021-08-20,1133.5,1100.5,1114.050048828125,1125.300048828125,2127671.0,1125.300048828125
2021-08-23,1140.949951171875,1118.5999755859375,1127.0,1135.449951171875,1251406.0,1135.449951171875
